OrderID,Category,City,PaymentMethod,SaleDate,Price,Quantity,Discount,Revenue
ORD-7778,Furniture,Houston,Debit Card,2024-06-24,610.1013380344464,1.0,20,488.08
ORD-6791,Furniture,Chicago,,2024-05-02,714.3290168759573,30.0,48,11143.53
ORD-6138,Stationery,New York,Credit Card,2024-01-07,761.8407550110187,46.0,18,28736.63
ORD-8291,Furniture,New York,Credit Card,2024-06-27,564.9902748680507,37.0,18,17141.8
ORD-1314,Appliances,Houston,Credit Card,2024-02-09,771.4967927737388,30.0,11,20598.96
ORD-6201,Electronics,New York,Online Payment,2024-01-15,842.010997259984,24.0,34,13337.45
ORD-8276,Electronics,Chicago,Cash,2024-06-08,934.3472809008042,15.0,49,7147.76
ORD-6245,Clothing,New York,Cash,2024-01-10,139.46033867599027,35.0,26,3612.02
ORD-3019,Clothing,Phoenix,Debit Card,,463.7600860602948,18.0,9,7596.39
ORD-8667,Stationery,Los Angeles,Credit Card,2024-02-16,618.5358246642437,50.0,0,30926.79
ORD-1581,Stationery,Chicago,,2024-04-29,738.9109076538837,49.0,50,18103.32
ORD-8929,Clothing,Los Angeles,Debit Card,2024-05-21,282.58338880921235,1.0,30,197.81
ORD-3681,Clothing,Phoenix,Online Payment,2024-05-08,504.4069471009687,34.0,26,12690.88
ORD-1647,Electronics,Phoenix,Debit Card,2024-03-20,913.946736459022,8.0,22,5703.03
ORD-5575,Stationery,Phoenix,Debit Card,2024-01-24,785.3507163155465,49.0,47,20395.56
ORD-6944,Stationery,Houston,Credit Card,2024-01-19,463.0216300904955,10.0,33,3102.24
ORD-8700,Furniture,New York,Cash,2024-04-22,,43.0,4,
ORD-6428,Electronics,Houston,,2024-03-27,999.1210855155824,38.0,18,31132.61
ORD-2014,Clothing,Phoenix,Cash,,691.1779308227111,29.0,46,10823.85
ORD-7807,Stationery,Phoenix,Credit Card,,419.96511075906983,36.0,24,11490.25
ORD-9871,Clothing,Houston,Cash,2024-04-21,811.4099481297808,38.0,5,29291.9
ORD-4369,Clothing,Chicago,Credit Card,2024-03-20,563.1625396532087,49.0,21,21800.02
ORD-9921,Electronics,Phoenix,Credit Card,2024-05-26,245.20401205800394,7.0,42,995.53
ORD-2028,Clothing,Phoenix,Credit Card,2024-04-26,154.55408931558813,-41.0,19,-5132.74
ORD-7315,Stationery,Phoenix,,2024-05-22,571.5128648266079,50.0,1,28289.89
ORD-5220,Appliances,Chicago,Online Payment,2024-01-16,414.00037473468467,17.0,13,6123.07
ORD-2787,Furniture,Houston,Debit Card,2024-01-21,438.78893050127635,6.0,16,2211.5
ORD-4386,Clothing,Phoenix,,2024-02-12,738.3537811207472,42.0,8,28529.99
ORD-2465,Stationery,Los Angeles,Cash,2024-01-07,689.2192501034735,13.0,24,6809.49
ORD-9446,Clothing,Chicago,Cash,2024-01-26,165.7195216680711,36.0,14,5130.68
ORD-8103,Appliances,Phoenix,Online Payment,2024-01-08,311.736949644187,15.0,6,4395.49
ORD-2456,Clothing,Houston,Online Payment,2024-04-11,234.31176263567426,2.0,23,360.84
ORD-9909,Stationery,New York,,,414.67555975223866,3.0,34,821.06
ORD-2215,Stationery,Phoenix,Online Payment,2024-06-25,467.3598191816589,45.0,30,14721.83
ORD-7759,Furniture,New York,Cash,2024-01-03,381.1135602477997,-44.0,3,-16265.93
ORD-9131,Stationery,Phoenix,Cash,2024-02-22,324.70707965365756,9.0,0,2922.36
ORD-3406,Appliances,Chicago,Cash,2024-01-19,736.663618188905,,28,
ORD-5428,Appliances,Los Angeles,Credit Card,2024-06-23,830.133153353447,23.0,41,11264.91
ORD-7297,Stationery,Houston,Cash,2024-06-14,709.6026960620309,35.0,27,18130.35
ORD-4472,Appliances,Phoenix,Online Payment,2024-06-25,302.59501851712434,24.0,46,3921.63
ORD-1354,Electronics,Houston,Cash,2024-03-02,916.7361042141946,11.0,22,7865.6
ORD-1544,Appliances,Houston,Credit Card,2024-01-03,331.6798221783109,2.0,23,510.79
ORD-2753,Electronics,Houston,Credit Card,2024-03-23,55.02117981273989,38.0,34,1379.93
ORD-9167,Appliances,Chicago,Debit Card,2024-06-17,81.49260694107868,,25,
ORD-5812,Furniture,Chicago,Cash,2024-05-24,627.9951529052119,26.0,2,16001.32
ORD-3958,Appliances,Los Angeles,Cash,2024-04-06,93.57018642078779,4.0,25,280.71
ORD-9148,Stationery,Phoenix,Credit Card,,498.43099764058724,32.0,3,15471.3
ORD-3764,Stationery,Chicago,Debit Card,2024-02-11,258.5089924506036,26.0,38,4167.16
ORD-8998,Electronics,Chicago,Debit Card,2024-02-25,689.3753443612035,3.0,34,1364.96
ORD-4354,Furniture,New York,Online Payment,,442.33536188158865,17.0,1,7444.5
ORD-7240,Stationery,Chicago,Credit Card,2024-03-01,105.201432896994,49.0,8,4742.48
ORD-8546,Electronics,Phoenix,Online Payment,2024-05-17,981.3135249172824,4.0,23,3022.45
ORD-6269,Electronics,Los Angeles,Debit Card,2024-04-13,932.9651757626937,36.0,37,21159.65
ORD-2431,Clothing,Houston,,,762.6606788990696,33.0,2,24664.45
ORD-6268,Stationery,Los Angeles,Online Payment,2024-03-19,778.8097495084858,14.0,48,5669.73
ORD-8046,Electronics,Chicago,,2024-01-17,,41.0,42,
ORD-9361,Furniture,Houston,Credit Card,2024-02-01,422.967468221033,27.0,48,5938.46
ORD-8153,Electronics,New York,Debit Card,2024-01-12,275.74813867552336,6.0,12,1455.95
ORD-5927,Furniture,Los Angeles,Online Payment,2024-03-30,712.2814795755493,18.0,45,7051.59
ORD-8867,Electronics,Houston,Cash,2024-03-19,,9.0,8,
ORD-5146,Appliances,Los Angeles,Cash,,928.4293272074116,6.0,12,4902.11
ORD-2729,Stationery,Houston,Online Payment,2024-06-09,150.69317730577637,-28.0,24,-3206.75
ORD-6137,Clothing,Phoenix,Online Payment,2024-04-25,382.4991595763802,17.0,31,4486.72
ORD-8711,Electronics,Chicago,Cash,2024-06-27,774.7848363036616,15.0,8,10692.03
ORD-6246,Stationery,Houston,Online Payment,2024-03-17,29.828120358512237,6.0,37,112.75
ORD-8297,Appliances,Los Angeles,Online Payment,2024-03-11,697.295393162777,20.0,30,9762.14
ORD-1851,Clothing,Los Angeles,Debit Card,2024-04-10,589.1838841105097,40.0,11,20974.95
ORD-1085,Stationery,Phoenix,Cash,2024-05-02,654.789121193587,11.0,45,3961.47
ORD-5799,Electronics,Los Angeles,Debit Card,,927.3635178195761,21.0,7,18111.41
ORD-4444,Clothing,Los Angeles,Cash,2024-02-18,936.2187147688371,2.0,37,1179.64
ORD-9727,Clothing,Houston,Online Payment,2024-04-27,771.9333023372449,25.0,42,11193.03
ORD-6345,Electronics,Houston,Debit Card,2024-06-04,827.0922342745956,9.0,1,7369.39
ORD-1383,Electronics,Phoenix,Cash,2024-05-25,773.761234450815,4.0,20,2476.04
ORD-8972,Appliances,New York,,2024-04-06,111.71964400436019,33.0,2,3613.01
ORD-6156,Electronics,Los Angeles,Debit Card,2024-02-12,885.0770225663241,49.0,29,30791.83
ORD-7986,Clothing,Houston,Credit Card,2024-06-07,656.6865564375242,33.0,36,13869.22
ORD-9412,Furniture,New York,Cash,2024-06-16,867.6793676009422,,32,
ORD-4298,Furniture,Phoenix,Online Payment,2024-02-01,29.24717552005836,33.0,46,521.18
ORD-3488,Furniture,Chicago,Online Payment,2024-05-13,61.289928399464806,10.0,8,563.87
ORD-8493,Electronics,New York,Cash,,967.9842185827906,-36.0,18,-28574.89
ORD-5714,Stationery,New York,Cash,,765.9582078571704,46.0,2,34529.4
ORD-5341,Furniture,Chicago,Cash,,264.3667895585197,7.0,18,1517.47
ORD-6028,Electronics,New York,Online Payment,2024-01-01,382.695448770792,1.0,34,252.58
ORD-8995,Appliances,Houston,,2024-05-11,401.2303811316178,20.0,44,4493.78
ORD-8752,Electronics,Houston,,2024-05-18,132.8244412401491,36.0,2,4686.05
ORD-7467,Furniture,Houston,Credit Card,2024-02-21,897.474805181218,-6.0,0,-5384.85
ORD-6920,Stationery,Phoenix,Cash,2024-02-12,638.7769222497927,10.0,31,4407.56
ORD-5242,Clothing,Los Angeles,Cash,2024-02-10,761.7282936724077,23.0,6,16468.57
ORD-4034,Clothing,Phoenix,,2024-02-15,699.3250810997052,,27,
ORD-7411,Stationery,New York,Debit Card,2024-01-04,451.4520153141916,25.0,42,6546.05
ORD-2234,Appliances,Phoenix,Debit Card,2024-02-25,870.7617081668532,12.0,11,9299.74
ORD-5168,Stationery,Houston,Online Payment,2024-02-22,177.73091981940658,26.0,13,4020.27
ORD-8038,Clothing,Phoenix,Credit Card,2024-02-28,10.823421204836375,10.0,23,83.34
ORD-8340,Appliances,Los Angeles,Cash,2024-04-16,205.61043373072818,46.0,44,5296.52
ORD-5485,Clothing,Houston,Debit Card,2024-02-12,248.88425503773152,32.0,15,6769.65
ORD-5832,Appliances,Phoenix,Online Payment,2024-02-25,550.3135774671362,19.0,1,10351.4
ORD-8679,Electronics,New York,Cash,2024-01-26,341.4454039183139,23.0,23,6047.0
ORD-6708,Clothing,Chicago,Debit Card,2024-04-03,213.59204140086138,40.0,2,8372.81
ORD-5311,Furniture,New York,Online Payment,2024-05-28,416.35076465342814,12.0,23,3847.08
ORD-8497,Stationery,Chicago,,,403.48028787765,21.0,46,4575.47
ORD-9648,Appliances,Los Angeles,Debit Card,2024-01-16,569.3289454650093,14.0,46,4304.13
ORD-2360,Appliances,Chicago,Credit Card,2024-01-04,253.61864900952165,27.0,9,6231.41
ORD-8514,Furniture,Chicago,,2024-05-22,592.5842931111597,9.0,48,2773.29
ORD-8614,Furniture,Houston,Cash,2024-04-07,121.61697309160651,14.0,9,1549.4
ORD-6321,Electronics,Los Angeles,Credit Card,2024-06-22,658.8296310906505,8.0,48,2740.73
ORD-1512,Appliances,Chicago,Debit Card,2024-03-23,463.3379201361211,6.0,41,1640.22
ORD-2455,Electronics,Los Angeles,,2024-01-12,52.46073296397091,7.0,1,363.55
ORD-7262,Stationery,Chicago,Debit Card,2024-02-19,475.5596578968224,22.0,24,7951.36
ORD-7245,Electronics,New York,Online Payment,2024-06-24,445.4846080720969,31.0,34,9114.62
ORD-8522,Appliances,Chicago,Cash,2024-02-12,576.4942868251179,45.0,10,23348.02
ORD-1856,Furniture,Phoenix,Cash,2024-05-17,947.1419858935756,14.0,7,12331.79
ORD-3302,Electronics,Chicago,Cash,2024-04-24,483.76811764090445,23.0,36,7121.07
ORD-1901,Electronics,Phoenix,Online Payment,2024-03-14,246.4556562292954,23.0,1,5611.8
ORD-7643,Furniture,Chicago,Cash,2024-01-27,210.44404290456495,,9,
ORD-1524,Appliances,Phoenix,,2024-03-27,,3.0,2,
ORD-4081,Electronics,New York,Debit Card,2024-03-19,525.3259666229677,8.0,28,3025.88
ORD-8503,Furniture,Chicago,Cash,2024-06-11,508.9601933403504,9.0,28,3298.06
ORD-1289,Clothing,Los Angeles,,2024-04-16,599.5804043238618,48.0,11,25614.07
ORD-2582,Clothing,Chicago,,2024-02-02,,36.0,49,
ORD-3657,Furniture,New York,Credit Card,2024-03-09,309.64870810571875,34.0,39,6422.11
ORD-3041,Electronics,Los Angeles,,2024-02-18,93.05763017038342,22.0,7,1903.96
ORD-6246,Clothing,Los Angeles,Credit Card,2024-06-18,510.9382501433609,28.0,28,10300.52
ORD-7571,Clothing,Los Angeles,,2024-03-07,422.4578106615731,8.0,20,2703.73
ORD-8694,Appliances,Houston,Debit Card,2024-03-28,766.9766653910845,19.0,17,12095.22
ORD-3258,Furniture,Chicago,Debit Card,2024-06-06,922.4270129557416,28.0,40,15496.77
ORD-7400,Furniture,Phoenix,Cash,2024-04-29,586.345193612881,46.0,0,26971.88
ORD-5811,Stationery,Los Angeles,,2024-05-06,361.5276874434439,5.0,40,1084.58
ORD-3211,Clothing,Los Angeles,,2024-04-01,69.06013467381973,28.0,17,1604.96
ORD-1612,Furniture,New York,Cash,2024-02-20,371.0907708447749,30.0,5,10576.09
ORD-1216,Furniture,Chicago,Online Payment,2024-06-27,281.56016587763605,5.0,7,1309.25
ORD-3975,Electronics,Chicago,Online Payment,2024-03-12,761.1024643150515,15.0,16,9589.89
ORD-3105,Appliances,Houston,Debit Card,2024-04-28,438.24563422684247,14.0,21,4847.0
ORD-1274,Furniture,Houston,,2024-05-12,408.93651579326286,49.0,27,14627.66
ORD-2091,Electronics,Houston,Online Payment,2024-01-18,222.4935758999566,43.0,35,6218.7
ORD-3992,Appliances,New York,,2024-06-05,249.38181271561638,4.0,32,678.32
ORD-2699,Appliances,Chicago,Cash,2024-02-15,775.5768862089261,31.0,13,20917.31
ORD-8628,Stationery,Houston,Credit Card,2024-03-24,882.4502657995558,48.0,9,38545.43
ORD-1133,Electronics,Los Angeles,Cash,2024-02-14,,38.0,2,
ORD-7394,Clothing,New York,Online Payment,2024-05-20,628.162982779374,42.0,50,13191.42
ORD-6710,Clothing,Los Angeles,Debit Card,2024-02-27,987.0935050308826,12.0,4,11371.32
ORD-7321,Appliances,Phoenix,,2024-01-21,266.0866766128915,44.0,43,6673.45
ORD-9596,Clothing,Los Angeles,Cash,2024-01-01,859.8591595289612,7.0,27,4393.88
ORD-5446,Appliances,Houston,Debit Card,2024-01-10,823.2368967409612,45.0,3,35934.29
ORD-1562,Clothing,Phoenix,Debit Card,2024-01-06,147.65412185132269,30.0,8,4075.25
ORD-7323,Stationery,Phoenix,,2024-03-25,,,26,
ORD-7055,Appliances,Los Angeles,,,973.5107313473488,36.0,47,18574.58
ORD-6247,Appliances,Houston,,2024-01-02,766.5280391188705,30.0,12,20236.34
ORD-7030,Furniture,Los Angeles,Debit Card,2024-05-20,160.56963760703874,29.0,19,3771.78
ORD-3301,Appliances,Los Angeles,Credit Card,2024-06-28,898.7619367851223,45.0,17,33568.76
ORD-1022,Clothing,Los Angeles,Online Payment,,755.6124060631831,31.0,0,23423.98
ORD-5740,Electronics,Houston,Credit Card,2024-01-11,167.89835634299124,23.0,1,3823.05
ORD-7345,Appliances,Houston,Online Payment,2024-04-08,988.1319086441024,8.0,12,6956.45
ORD-4754,Electronics,Los Angeles,,2024-02-12,313.5538850763449,48.0,6,14147.55
ORD-9315,Furniture,New York,Cash,2024-02-07,411.3167795035505,39.0,3,15560.11
ORD-9971,Clothing,New York,Debit Card,2024-06-19,934.1120117195711,9.0,31,5800.84
ORD-5372,Clothing,Chicago,Credit Card,2024-04-13,103.45589116664017,40.0,33,2772.62
ORD-1811,Clothing,New York,,2024-04-09,689.5610549735106,40.0,27,20135.18
ORD-8385,Electronics,Chicago,Online Payment,2024-06-04,20.811297443020734,37.0,33,515.91
ORD-1554,Appliances,Phoenix,Cash,2024-01-10,205.55659389402112,17.0,8,3214.91
ORD-7073,Stationery,Houston,Online Payment,2024-04-22,440.97545951382153,21.0,27,6760.15
ORD-1859,Furniture,Los Angeles,Debit Card,2024-05-08,349.33190322591497,31.0,13,9421.48
ORD-5042,Clothing,Phoenix,Cash,2024-02-11,238.95099594475928,23.0,6,5166.12
ORD-2724,Electronics,Phoenix,Debit Card,2024-06-11,637.6215580317939,45.0,22,22380.52
ORD-8144,Electronics,New York,Online Payment,2024-02-29,373.49882173619824,45.0,39,10252.54
ORD-7612,Electronics,Los Angeles,,2024-04-10,476.3629224793087,10.0,17,3953.81
ORD-9015,Stationery,Chicago,,2024-04-21,89.6524431565357,24.0,26,1592.23
ORD-7534,Furniture,Phoenix,Online Payment,2024-04-13,290.304990287074,31.0,34,5939.64
ORD-8649,Appliances,New York,,2024-05-13,354.05383255260705,42.0,3,14424.15
ORD-2704,Stationery,Los Angeles,Online Payment,2024-03-20,255.05524025949416,33.0,3,8164.32
ORD-9658,Electronics,Phoenix,Online Payment,2024-02-22,468.82098823057527,16.0,20,6000.91
ORD-2259,Furniture,Los Angeles,Credit Card,2024-04-30,652.6597014228827,1.0,26,482.97
ORD-7861,Appliances,New York,Debit Card,2024-04-27,329.7213695405612,41.0,31,9327.82
ORD-4331,Furniture,Los Angeles,Online Payment,2024-01-01,39.39889276647004,,46,
ORD-4031,Appliances,Houston,Debit Card,2024-05-01,906.0901885600149,26.0,44,13192.67
ORD-1856,Stationery,Los Angeles,,,370.1874799081638,31.0,24,8721.62
ORD-4343,Appliances,Chicago,Debit Card,2024-05-06,164.11544305567855,7.0,42,666.31
ORD-8024,Clothing,Phoenix,Debit Card,2024-05-19,104.95660872683838,40.0,49,2141.11
ORD-4718,Appliances,Los Angeles,Cash,,667.1313652754619,22.0,36,9393.21
ORD-2331,Clothing,Phoenix,,2024-04-18,288.87248793696045,3.0,29,615.3
ORD-1001,Electronics,Phoenix,Debit Card,,,46.0,2,
ORD-9197,Appliances,Chicago,Cash,2024-02-21,974.3481074328043,45.0,46,23676.66
ORD-4517,Stationery,Houston,,2024-01-30,166.7275367822879,37.0,13,5366.96
ORD-7078,Electronics,Los Angeles,Debit Card,2024-05-25,132.72157564393592,-22.0,0,-2919.87
ORD-1273,Electronics,Phoenix,Debit Card,2024-06-14,287.0661919681523,17.0,3,4733.72
ORD-6872,Clothing,Chicago,,2024-06-02,812.5995626919573,3.0,4,2340.29
ORD-1961,Clothing,Houston,Debit Card,2024-04-26,596.1487290103569,2.0,13,1037.3
ORD-1481,Electronics,Houston,Online Payment,2024-02-08,136.71625678000194,46.0,11,5597.16
ORD-5426,Electronics,Los Angeles,Credit Card,2024-04-22,569.0561792150761,42.0,29,16969.26
ORD-9498,Appliances,Chicago,Debit Card,2024-01-15,291.93966748799687,11.0,42,1862.58
ORD-9703,Electronics,Houston,Online Payment,,609.4024168488932,39.0,42,13784.68
ORD-2608,Appliances,Houston,,2024-01-16,750.6612824260976,36.0,35,17565.47
ORD-6800,Electronics,Phoenix,Cash,2024-06-04,251.26780354054884,39.0,20,7839.56
ORD-5142,Stationery,Chicago,Debit Card,2024-01-05,322.1898118722334,35.0,36,7217.05
ORD-6860,Appliances,Houston,Cash,2024-01-06,137.3856124960281,2.0,7,255.54
ORD-4888,Clothing,New York,Credit Card,2024-04-24,436.66986913657377,22.0,24,7301.12
ORD-6086,Clothing,Houston,,2024-06-26,548.8045937176817,14.0,48,3995.3
ORD-9141,Stationery,Chicago,Debit Card,2024-04-09,121.02397771529337,46.0,8,5121.73
ORD-9946,Stationery,Houston,Credit Card,2024-04-05,849.3134993892296,45.0,1,37836.92
ORD-6098,Furniture,Phoenix,Credit Card,2024-05-27,820.9708120468523,19.0,39,9515.05
ORD-7445,Clothing,Houston,Online Payment,,507.1083566598806,1.0,31,349.9
ORD-6317,Clothing,Houston,,,72.72137704469719,15.0,50,545.41
ORD-1415,Stationery,Houston,Online Payment,2024-05-09,,27.0,20,
ORD-8640,Appliances,New York,Online Payment,,73.21911437001975,27.0,29,1403.61
ORD-6922,Appliances,Phoenix,Online Payment,2024-02-11,436.2960405938708,21.0,27,6688.42
ORD-4698,Appliances,New York,Credit Card,2024-05-04,379.4461950792088,18.0,30,4781.02
ORD-6748,Appliances,Chicago,Cash,,635.8993187742373,12.0,4,7325.56
ORD-6869,Clothing,Houston,Online Payment,,789.4262911167558,13.0,1,10159.92
ORD-5933,Stationery,Phoenix,Cash,2024-06-01,868.6432976550074,2.0,0,1737.29
ORD-6593,Clothing,Houston,Online Payment,2024-05-19,578.3378791233137,25.0,22,11277.59
ORD-1319,Clothing,Chicago,Online Payment,2024-02-21,923.6027485773081,27.0,37,15710.48
ORD-6271,Stationery,Los Angeles,Online Payment,2024-03-20,985.3849889442452,41.0,38,25048.49
ORD-7002,Stationery,Phoenix,Credit Card,2024-02-05,,39.0,27,
ORD-2816,Stationery,Houston,Credit Card,2024-04-06,788.8702659784044,8.0,6,5932.3
ORD-4362,Appliances,Houston,Cash,2024-01-11,,-4.0,22,
ORD-3435,Stationery,Los Angeles,Credit Card,2024-05-23,934.4709221944456,15.0,27,10232.46
ORD-9983,Furniture,Houston,,2024-02-23,526.7758972157869,37.0,17,16177.29
ORD-7184,Clothing,Los Angeles,Debit Card,2024-03-18,996.1476827954694,-37.0,39,-22483.05
ORD-5596,Furniture,Houston,Online Payment,2024-04-09,202.44755504109804,49.0,24,7539.15
ORD-6477,Appliances,Houston,Online Payment,2024-03-05,253.49384927849698,24.0,4,5840.5
ORD-9135,Furniture,Houston,Debit Card,2024-02-07,277.6864733034174,28.0,38,4820.64
ORD-9117,Appliances,Chicago,Debit Card,,879.5813025571177,2.0,18,1442.51
ORD-5508,Furniture,Chicago,Credit Card,2024-01-18,50.69624012401465,42.0,16,1788.56
ORD-2644,Clothing,Chicago,Credit Card,2024-02-24,,11.0,2,
ORD-5111,Electronics,Phoenix,,2024-05-19,,7.0,10,
ORD-8873,Clothing,Los Angeles,,2024-03-11,958.5837289214669,48.0,27,33588.77
ORD-7160,Clothing,New York,Debit Card,2024-02-03,94.74421166336724,43.0,30,2851.8
ORD-3934,Electronics,Houston,Debit Card,2024-01-03,967.4546576583988,19.0,30,12867.15
ORD-1731,Electronics,Chicago,,2024-02-24,286.9196384104145,27.0,37,4880.5
ORD-7166,Electronics,Phoenix,,,212.10097285628004,12.0,33,1705.29
ORD-9278,Furniture,New York,Debit Card,2024-02-03,80.91663759770844,25.0,10,1820.62
ORD-6889,Clothing,Houston,Online Payment,,676.9897432867718,28.0,24,14406.34
ORD-7965,Clothing,Houston,Cash,2024-04-05,,47.0,12,
ORD-7429,Clothing,Phoenix,Cash,,473.4788052317015,14.0,48,3446.93
ORD-3975,Furniture,Phoenix,Debit Card,2024-03-23,335.1487341291935,8.0,25,2010.89
ORD-9002,Clothing,Phoenix,Cash,2024-04-16,422.3558766447572,7.0,39,1803.46
ORD-5787,Appliances,Houston,Online Payment,2024-01-21,953.919637979405,19.0,47,9605.97
ORD-8192,Electronics,Los Angeles,Cash,2024-06-10,750.5414630557182,19.0,25,10695.22
ORD-2665,Stationery,Houston,,2024-01-21,454.380809925529,19.0,26,6388.59
ORD-2387,Electronics,Chicago,Cash,2024-04-07,86.66427989796982,13.0,37,709.78
ORD-3844,Electronics,New York,Online Payment,2024-03-17,761.0642039599228,13.0,3,9597.02
ORD-3659,Appliances,Houston,,2024-01-03,800.7027664388826,-49.0,35,-25502.38
ORD-1256,Appliances,Los Angeles,Credit Card,2024-01-29,233.41509460391697,4.0,26,690.91
ORD-7570,Electronics,New York,Debit Card,2024-01-29,57.119095927788365,31.0,19,1434.26
ORD-7876,Clothing,Phoenix,Online Payment,2024-06-04,58.942907664502435,-10.0,46,-318.29
ORD-9469,Furniture,Phoenix,,2024-06-22,398.1646382603214,-18.0,38,-4443.52
ORD-6675,Clothing,Los Angeles,,2024-01-06,969.8037255775124,2.0,24,1474.1
ORD-2277,Appliances,New York,Credit Card,2024-05-27,63.275491340271024,29.0,19,1486.34
ORD-7945,Electronics,Houston,Credit Card,2024-06-29,217.13502972436302,4.0,33,581.92
ORD-3899,Furniture,Houston,Credit Card,2024-05-21,,49.0,25,
ORD-2681,Clothing,Los Angeles,Debit Card,2024-05-24,,10.0,35,
ORD-9509,Electronics,Phoenix,Online Payment,2024-02-11,543.1817910896423,49.0,22,20760.41
ORD-3549,Electronics,Chicago,Credit Card,2024-01-24,558.5299402933034,50.0,17,23178.99
ORD-3590,Stationery,Chicago,Cash,2024-06-10,918.5540945378523,6.0,22,4298.83
ORD-6892,Stationery,New York,Online Payment,2024-02-11,698.3453007357139,2.0,40,838.01
ORD-2568,Clothing,New York,Cash,2024-03-12,59.72955115394406,15.0,24,680.92
ORD-7190,Stationery,Chicago,Cash,2024-06-19,606.4135561442382,14.0,49,4329.79
ORD-5206,Clothing,Houston,,2024-04-08,461.2725250572937,50.0,25,17297.72
ORD-8334,Furniture,Phoenix,Debit Card,2024-04-19,960.4796307903076,44.0,25,31695.83
ORD-4272,Furniture,Houston,Credit Card,2024-02-08,27.449814201208177,-11.0,12,-265.71
ORD-4048,Stationery,Phoenix,,2024-06-08,825.3488151654232,24.0,23,15252.45
ORD-9399,Electronics,Los Angeles,,2024-02-19,875.4321033310819,47.0,28,29624.62
ORD-6541,Electronics,Phoenix,,2024-02-25,797.8475210914905,9.0,32,4882.83
ORD-8299,Appliances,Chicago,,2024-02-24,454.9321391490841,26.0,13,10290.56
ORD-7239,Clothing,Phoenix,,2024-03-31,759.2597860249477,7.0,8,4889.63
ORD-9129,Clothing,Chicago,,,809.8769605057429,23.0,39,11362.57
ORD-8202,Appliances,Chicago,Cash,2024-03-15,398.9461973892343,-32.0,44,-7149.12
ORD-8591,Furniture,Chicago,Cash,2024-02-17,341.0414354053445,23.0,20,6275.16
ORD-9016,Electronics,New York,Online Payment,,544.8365487367751,31.0,49,8613.87
ORD-6657,Appliances,New York,Credit Card,2024-06-01,328.4815969946789,3.0,41,581.41
ORD-9748,Furniture,Chicago,Online Payment,2024-04-11,900.7474818950172,14.0,16,10592.79
ORD-4057,Appliances,Los Angeles,,2024-03-05,311.3823434713041,50.0,5,14790.66
ORD-5166,Electronics,Chicago,Online Payment,2024-03-24,870.079383756556,27.0,42,13625.44
ORD-3594,Furniture,Los Angeles,Credit Card,2024-02-10,879.7274077309656,44.0,22,30192.24
ORD-5427,Furniture,Houston,Online Payment,2024-01-09,166.14044280604682,10.0,46,897.16
ORD-1900,Clothing,Los Angeles,Cash,2024-04-05,911.0009576746597,17.0,31,10686.04
ORD-7553,Clothing,Houston,Online Payment,2024-06-08,68.38187171001499,40.0,46,1477.05
ORD-8835,Electronics,Houston,Online Payment,2024-02-15,842.7307502576886,-14.0,17,-9792.53
ORD-6855,Clothing,Los Angeles,Credit Card,2024-01-23,305.04333515848907,35.0,0,10676.52
ORD-1247,Electronics,Los Angeles,Debit Card,2024-01-11,822.9213294717813,3.0,27,1802.2
ORD-4152,Stationery,Houston,Credit Card,2024-05-28,184.77337615790105,-24.0,30,-3104.19
ORD-9457,Clothing,Phoenix,Credit Card,2024-06-11,261.70499662751706,7.0,3,1776.98
ORD-5525,Stationery,Los Angeles,Online Payment,2024-03-10,528.8276734705257,15.0,22,6187.28
ORD-1761,Clothing,Chicago,,2024-01-30,469.22086445774175,5.0,26,1736.12
ORD-9550,Appliances,New York,Cash,2024-02-21,863.2815705376585,36.0,9,28281.1
ORD-1870,Appliances,Los Angeles,Online Payment,2024-04-06,309.06125582193084,33.0,27,7445.29
ORD-6250,Electronics,Los Angeles,,2024-05-27,409.1209021099678,44.0,14,15481.13
ORD-3304,Appliances,Houston,Debit Card,2024-04-26,162.7981912620455,42.0,22,5333.27
ORD-1582,Clothing,Chicago,Debit Card,2024-06-25,464.77980926450715,22.0,36,6544.1
ORD-1999,Electronics,Phoenix,,2024-06-15,121.41781789478286,47.0,14,4907.71
ORD-3171,Clothing,Los Angeles,Cash,2024-06-03,656.3251793830693,2.0,5,1247.02
ORD-4811,Electronics,Houston,,2024-06-05,871.4692740065724,12.0,14,8993.56
ORD-6905,Electronics,Phoenix,Online Payment,,234.7234858827307,17.0,29,2833.11
ORD-1903,Stationery,Houston,Credit Card,2024-05-31,496.27786562721826,42.0,14,17925.56
ORD-3788,Appliances,Chicago,Credit Card,2024-04-30,758.2637253518407,7.0,33,3556.26
ORD-6078,Clothing,Houston,Online Payment,2024-01-11,,49.0,49,
ORD-4784,Appliances,Phoenix,Cash,2024-01-24,322.13675720079004,23.0,15,6297.77
ORD-2009,Appliances,Houston,Cash,,968.7362192857407,,14,
ORD-8429,Stationery,New York,Credit Card,2024-05-06,186.23204490863677,7.0,10,1173.26
ORD-7650,Stationery,Chicago,,2024-04-12,916.568185077746,14.0,18,10522.2
ORD-3742,Furniture,Houston,,2024-01-12,401.6419554084308,8.0,50,1606.57
ORD-6733,Electronics,Chicago,Cash,2024-05-01,778.343333380345,24.0,48,9713.72
ORD-2559,Stationery,Chicago,Debit Card,,821.5867653251122,6.0,4,4732.34
ORD-3053,Stationery,Houston,Credit Card,2024-03-06,376.5272302954385,17.0,15,5440.82
ORD-8440,Clothing,Chicago,Cash,2024-02-08,378.1267967093122,25.0,27,6900.81
ORD-5480,Stationery,Los Angeles,,2024-03-16,571.561017677516,15.0,41,5058.32
ORD-7657,Electronics,Chicago,,2024-03-31,736.1831174569212,11.0,40,4858.81
ORD-7844,Appliances,Los Angeles,Debit Card,2024-05-16,125.11519583868561,48.0,14,5164.76
ORD-6470,Clothing,Chicago,Debit Card,2024-01-17,879.3099528731012,38.0,1,33079.64
ORD-4877,Stationery,New York,,2024-03-21,733.763804860887,31.0,47,12055.74
ORD-4579,Stationery,Los Angeles,Online Payment,,977.0269604608055,33.0,8,29662.54
ORD-6677,Clothing,Los Angeles,,2024-06-12,800.9061284796223,,48,
ORD-5943,Electronics,Los Angeles,Credit Card,2024-03-17,322.835142821864,38.0,11,10918.28
ORD-7076,Clothing,Phoenix,Online Payment,2024-05-29,423.2197067518409,6.0,18,2082.24
ORD-6388,Furniture,Phoenix,Online Payment,2024-05-19,722.3490804865152,48.0,44,19416.74
ORD-4573,Electronics,Chicago,Debit Card,,484.46318211437966,,7,
ORD-2105,Furniture,New York,Cash,2024-03-20,922.1847081831526,18.0,34,10955.55
ORD-6379,Clothing,Phoenix,Debit Card,2024-06-18,446.2315026274555,24.0,2,10495.36
ORD-6707,Stationery,New York,,,472.67005792531813,22.0,17,8630.96
ORD-7550,Furniture,Los Angeles,,2024-03-05,111.118973409384,20.0,45,1222.31
ORD-7019,Electronics,Los Angeles,Cash,2024-01-12,,,20,
ORD-2664,Furniture,Chicago,Debit Card,2024-05-17,243.68454587707123,4.0,48,506.86
ORD-2874,Appliances,Chicago,,2024-03-13,529.0015018437159,,38,
ORD-5765,Furniture,Houston,Cash,2024-05-09,855.9906198896618,29.0,29,17624.85
ORD-3997,Stationery,Los Angeles,Cash,2024-02-09,276.27094258469975,14.0,49,1972.57
ORD-4788,Furniture,Houston,Cash,2024-06-09,206.45497515798218,16.0,49,1684.67
ORD-4666,Appliances,Phoenix,Credit Card,2024-01-14,263.8963277186391,2.0,2,517.24
ORD-4335,Clothing,Houston,Debit Card,2024-05-19,34.04958251365344,40.0,16,1144.07
ORD-7604,Electronics,New York,Debit Card,2024-01-14,838.6838851844996,46.0,23,29706.18
ORD-1151,Electronics,Phoenix,Credit Card,2024-03-20,433.5307049020866,35.0,49,7738.52
ORD-7135,Furniture,New York,Cash,2024-03-29,336.00578430810026,3.0,40,604.81
ORD-5463,Furniture,Chicago,Credit Card,2024-06-02,725.9402418504743,19.0,15,11723.93
ORD-3592,Stationery,Chicago,Debit Card,,903.7217838656159,-24.0,29,-15399.42
ORD-9252,Stationery,Phoenix,Online Payment,2024-01-18,167.58407917305342,8.0,30,938.47
ORD-8637,Clothing,Los Angeles,Debit Card,2024-04-13,386.06049358569334,12.0,20,3706.18
ORD-7574,Clothing,Houston,Cash,2024-05-09,280.8044238827333,42.0,17,9788.84
ORD-5858,Clothing,New York,Credit Card,2024-05-08,98.0073006767237,49.0,23,3697.82
ORD-5336,Stationery,Phoenix,Cash,2024-01-20,762.9373928360865,18.0,8,12634.24
ORD-4558,Furniture,Phoenix,Cash,2024-06-09,240.2520274068717,50.0,29,8528.95
ORD-7956,Furniture,Los Angeles,,2024-03-04,276.19512243322566,45.0,38,7705.84
ORD-6069,Clothing,Los Angeles,Cash,2024-01-16,109.68984347392292,34.0,36,2386.85
ORD-4592,Electronics,Los Angeles,Debit Card,2024-05-14,89.9772484089174,29.0,9,2374.5
ORD-1479,Electronics,Los Angeles,Credit Card,2024-03-04,57.34600658930479,49.0,28,2023.17
ORD-9483,Electronics,Chicago,Cash,2024-04-08,146.72550521910551,41.0,21,4752.44
ORD-1700,Appliances,Phoenix,Credit Card,2024-06-24,523.3064136066644,10.0,35,3401.49
ORD-8601,Clothing,Chicago,Credit Card,2024-03-01,221.54612117772902,3.0,18,545.0
ORD-7948,Appliances,Chicago,Credit Card,2024-04-27,967.0247565058871,-36.0,5,-33072.25
ORD-6427,Stationery,Chicago,,2024-04-13,401.2040492063435,4.0,27,1171.52
ORD-7423,Furniture,Phoenix,Cash,2024-05-15,,-13.0,30,
ORD-4467,Furniture,Los Angeles,Cash,2024-03-22,648.1989113931052,35.0,49,11570.35
ORD-5519,Clothing,Houston,,2024-02-29,423.0365298765094,41.0,9,15783.49
ORD-8170,Clothing,Houston,Debit Card,2024-04-20,909.3357726493141,-11.0,44,-5601.51
ORD-4426,Electronics,Houston,Cash,2024-03-18,285.83925243083075,-33.0,43,-5376.64
ORD-8738,Furniture,Los Angeles,,2024-06-27,981.262728943171,18.0,30,12363.91
ORD-8604,Stationery,Chicago,Online Payment,,330.5871370954172,4.0,3,1282.68
ORD-2341,Stationery,New York,Credit Card,2024-03-15,521.2806594116587,34.0,0,17723.54
ORD-9647,Furniture,New York,,2024-05-30,777.5789689587189,41.0,23,24548.17
ORD-3733,Electronics,Houston,Credit Card,2024-05-05,359.1082213017788,1.0,28,258.56
ORD-1624,Appliances,Los Angeles,Debit Card,2024-02-27,324.10790518516194,25.0,50,4051.35
ORD-4530,Clothing,Chicago,Cash,2024-02-15,,50.0,44,
ORD-6909,Furniture,Los Angeles,Debit Card,2024-05-17,550.202443409641,2.0,28,792.29
ORD-6256,Stationery,New York,,2024-04-13,468.4932576773654,26.0,37,7673.92
ORD-8054,Clothing,Phoenix,Cash,2024-05-20,127.49884963682759,6.0,33,512.55
ORD-9956,Clothing,New York,,2024-06-23,,19.0,20,
ORD-3048,Furniture,Houston,Online Payment,2024-03-02,246.11937065535844,,47,
ORD-9616,Electronics,Phoenix,Online Payment,2024-03-06,306.0930470145581,20.0,44,3428.24
ORD-9280,Electronics,Phoenix,Credit Card,,541.0371424301104,41.0,35,14418.64
ORD-3022,Electronics,Chicago,Online Payment,2024-01-14,237.9428252654131,11.0,1,2591.2
ORD-3529,Clothing,Phoenix,,2024-06-09,582.5778921649128,24.0,38,8668.76
ORD-3708,Furniture,Houston,Cash,2024-05-03,577.0170681241407,25.0,29,10242.05
ORD-5100,Appliances,Los Angeles,,2024-04-23,849.8914231861833,,49,
ORD-1483,Electronics,Los Angeles,Debit Card,2024-06-10,,40.0,14,
ORD-9092,Clothing,Phoenix,Credit Card,2024-06-27,864.8406388095685,11.0,34,6278.74
ORD-6509,Furniture,Los Angeles,Cash,2024-04-12,141.48655359347714,-31.0,5,-4166.78
ORD-3067,Furniture,Los Angeles,Debit Card,2024-02-02,381.64917384619156,22.0,26,6213.25
ORD-8542,Clothing,Los Angeles,Cash,2024-04-14,878.3342610176383,30.0,7,24505.53
ORD-9683,Appliances,Houston,Cash,2024-01-11,15.80788725450456,22.0,17,288.65
ORD-3640,Electronics,Houston,Online Payment,2024-04-06,195.22583800736862,8.0,22,1218.21
ORD-1483,Appliances,Chicago,Cash,2024-03-30,850.5633030142117,24.0,31,14085.33
ORD-9731,Furniture,Los Angeles,Debit Card,2024-04-21,,32.0,2,
ORD-1386,Furniture,New York,Online Payment,2024-01-22,317.68705199767254,6.0,4,1829.88
ORD-4924,Furniture,Los Angeles,Debit Card,2024-02-15,173.80225634899153,46.0,32,5436.53
ORD-4563,Clothing,New York,,2024-01-25,80.3607572063248,39.0,36,2005.8
ORD-5722,Stationery,Phoenix,Cash,2024-05-24,931.6839577677792,48.0,27,32646.21
ORD-3249,Furniture,Los Angeles,Credit Card,2024-01-03,207.93072699014843,47.0,20,7818.2
ORD-4969,Appliances,Houston,Online Payment,2024-01-27,520.4517576407936,42.0,41,12896.79
ORD-3470,Clothing,Chicago,,2024-06-29,15.600591128134917,,21,
ORD-7175,Electronics,Phoenix,Debit Card,2024-05-31,373.58043662186174,19.0,33,4755.68
ORD-7424,Electronics,Houston,,2024-06-21,746.9180612051033,13.0,12,8544.74
ORD-1320,Furniture,Los Angeles,,2024-03-31,834.0749060265334,26.0,22,16915.04
ORD-4629,Furniture,Houston,,2024-06-13,269.8988127648306,39.0,47,5578.81
ORD-9906,Clothing,Houston,Debit Card,2024-03-12,118.67034162639656,34.0,34,2662.96
ORD-3115,Stationery,Houston,Credit Card,2024-03-17,945.7961445498307,15.0,11,12626.38
ORD-8324,Stationery,Los Angeles,,2024-04-03,822.8430899417671,18.0,18,12145.16
ORD-7151,Clothing,New York,Online Payment,2024-03-16,16.20089670785333,13.0,0,210.61
ORD-6198,Clothing,Phoenix,Online Payment,2024-05-25,157.5620361268599,12.0,17,1569.32
ORD-2629,Furniture,Houston,Cash,2024-02-28,46.59168557048874,3.0,22,109.02
ORD-9784,Electronics,Los Angeles,Online Payment,2024-04-26,465.5149999347993,31.0,29,10245.99
ORD-2307,Stationery,Phoenix,Credit Card,2024-05-20,518.251385340434,40.0,9,18864.35
ORD-7300,Clothing,Houston,Credit Card,2024-01-25,270.15006778592385,47.0,50,6348.53
ORD-9249,Appliances,New York,Online Payment,2024-02-27,107.18960165278001,-21.0,11,-2003.37
ORD-1925,Stationery,Los Angeles,Online Payment,2024-05-06,51.14350073809283,9.0,20,368.23
ORD-4089,Electronics,Houston,Debit Card,2024-06-29,,1.0,7,
ORD-3580,Stationery,Chicago,Credit Card,2024-04-01,689.2447099233343,3.0,29,1468.09
ORD-8587,Furniture,Chicago,Debit Card,2024-06-08,403.7616780285412,22.0,44,4974.34
ORD-2655,Furniture,New York,Online Payment,2024-03-27,159.78058535775452,31.0,6,4656.01
ORD-3009,Appliances,Los Angeles,,2024-01-17,108.3234051338975,46.0,38,3089.38
ORD-7784,Electronics,Houston,,2024-02-26,227.94151679578613,15.0,32,2325.0
ORD-6472,Appliances,Chicago,,2024-05-31,165.9852110078394,44.0,15,6207.85
ORD-9754,Appliances,Chicago,Debit Card,2024-03-10,975.682200423633,9.0,33,5883.36
ORD-2990,Electronics,Phoenix,Cash,2024-04-06,936.0404372257336,26.0,5,23120.2
ORD-4250,Furniture,New York,Cash,2024-05-01,413.1803673784805,,10,
ORD-5647,Clothing,Chicago,Online Payment,2024-01-10,887.9364335918017,5.0,13,3862.52
ORD-7156,Electronics,Chicago,,2024-02-12,273.8962390164797,40.0,29,7778.65
ORD-1230,Clothing,Phoenix,Online Payment,2024-02-03,985.899795948546,12.0,31,8163.25
ORD-5498,Clothing,Houston,,2024-04-18,198.03963025070246,36.0,19,5774.84
ORD-2841,Appliances,Chicago,Debit Card,2024-03-10,410.0882388652446,11.0,41,2661.47
ORD-6267,Stationery,New York,Credit Card,2024-05-31,336.7416023197426,15.0,23,3889.37
ORD-3286,Clothing,Los Angeles,Online Payment,2024-05-06,141.53917827610158,16.0,38,1404.07
ORD-8481,Electronics,Houston,,2024-01-03,235.2686600630235,48.0,2,11067.04
ORD-3575,Stationery,New York,Cash,2024-05-03,250.51691488513455,47.0,40,7064.58
ORD-3365,Stationery,Phoenix,,2024-05-28,497.1748349693396,22.0,11,9734.68
ORD-5840,Stationery,Chicago,Credit Card,2024-06-13,490.6213341976915,4.0,18,1609.24
ORD-6436,Appliances,Los Angeles,Debit Card,2024-03-09,730.6984220105959,35.0,40,15344.67
ORD-9924,Appliances,New York,Debit Card,2024-03-14,37.1216224943386,24.0,30,623.64
ORD-6422,Furniture,New York,Credit Card,2024-03-26,607.3369171148343,15.0,39,5557.13
ORD-9240,Electronics,Phoenix,Credit Card,,261.07734707224733,29.0,27,5527.01
ORD-6878,Electronics,Los Angeles,,,270.1844585450345,50.0,5,12833.76
ORD-5472,Furniture,New York,Cash,2024-03-13,135.0970767962295,17.0,15,1952.15
ORD-2420,Appliances,Los Angeles,,2024-05-04,21.509221158957395,3.0,22,50.33
ORD-9957,Stationery,Phoenix,Debit Card,,690.9248576966645,34.0,13,20437.56
ORD-6687,Clothing,New York,Credit Card,2024-06-15,682.1925460086024,37.0,27,18426.02
ORD-9204,Clothing,Houston,Online Payment,2024-06-26,453.73264680491775,,44,
ORD-4809,Appliances,Los Angeles,Online Payment,2024-06-14,900.8338140998713,23.0,39,12638.7
ORD-2234,Clothing,Chicago,Cash,2024-04-12,849.9530243625795,12.0,14,8771.52
ORD-3826,Stationery,Houston,Online Payment,,922.2103765898778,48.0,31,30543.61
ORD-6214,Clothing,Phoenix,Credit Card,2024-01-08,178.26768445716883,22.0,22,3059.07
ORD-5394,Appliances,Phoenix,Online Payment,2024-01-25,512.9918866416596,16.0,7,7633.32
ORD-3706,Stationery,Los Angeles,Credit Card,2024-03-23,681.2592753551455,32.0,5,20710.28
ORD-9621,Appliances,Los Angeles,Credit Card,2024-03-05,803.2836753390063,16.0,3,12466.96
ORD-6197,Clothing,Phoenix,Credit Card,2024-02-06,597.6483700063418,3.0,3,1739.16
ORD-8421,Stationery,Houston,Debit Card,2024-05-13,787.28313701338,1.0,5,747.92
ORD-4418,Electronics,Chicago,Credit Card,2024-01-08,826.2480333768258,34.0,11,25002.27
ORD-8007,Appliances,Chicago,Online Payment,2024-02-10,188.83532085643378,9.0,8,1563.56
ORD-8806,Clothing,New York,,2024-06-05,237.86145365543734,6.0,18,1170.28
ORD-3743,Clothing,Chicago,,2024-06-24,645.7458449319228,42.0,9,24680.41
ORD-1452,Electronics,Phoenix,,2024-05-07,373.9419667300814,13.0,22,3791.77
ORD-2477,Electronics,Houston,Credit Card,2024-05-21,599.6312702465908,3.0,21,1421.13
ORD-6273,Clothing,Phoenix,Credit Card,2024-03-12,889.4769668414384,4.0,46,1921.27
ORD-7104,Electronics,Chicago,Debit Card,,884.7151792633982,2.0,18,1450.93
ORD-8947,Stationery,Houston,Cash,2024-02-22,266.52306175116195,10.0,17,2212.14
ORD-6886,Clothing,Phoenix,Credit Card,2024-05-07,65.05982069489903,43.0,10,2517.82
ORD-5704,Appliances,Los Angeles,,2024-05-16,862.0562071123652,29.0,49,12749.81
ORD-4578,Clothing,Chicago,,2024-01-23,911.7404962778821,39.0,35,23112.62
ORD-1274,Electronics,Chicago,Credit Card,,858.7148744933949,8.0,17,5701.87
ORD-2748,Clothing,New York,Online Payment,2024-03-05,316.00468116047745,,26,
ORD-6801,Appliances,Chicago,Cash,2024-02-03,454.07627877894186,,28,
ORD-9566,Electronics,Houston,Credit Card,2024-03-14,820.0181636806033,35.0,15,24395.54
ORD-3945,Furniture,Houston,Credit Card,2024-04-26,550.288012460193,17.0,12,8232.31
ORD-8160,Stationery,Phoenix,Online Payment,,341.43688547846745,33.0,8,10366.02
ORD-7927,Furniture,Houston,Credit Card,2024-04-05,549.9574481455136,29.0,47,8452.85
ORD-3635,Appliances,Los Angeles,Credit Card,2024-03-26,789.3716938759451,26.0,41,12108.96
ORD-4948,Furniture,Phoenix,Cash,2024-04-05,186.76875639547208,1.0,35,121.4
ORD-8616,Appliances,Chicago,,2024-06-13,395.87008172525776,5.0,43,1128.23
ORD-2220,Appliances,Houston,Debit Card,2024-04-19,253.40649895418483,33.0,2,8195.17
ORD-6964,Clothing,New York,,2024-04-19,601.1938993115535,23.0,40,8296.48
ORD-3410,Stationery,Chicago,Credit Card,2024-02-18,552.3591811273011,,35,
ORD-5596,Clothing,New York,Cash,2024-01-31,797.1387980604461,48.0,13,33288.52
ORD-7693,Electronics,New York,Online Payment,2024-03-30,193.28314784447784,23.0,46,2400.58
ORD-7757,Clothing,Chicago,,2024-05-14,762.0195715037385,40.0,37,19202.89
ORD-8293,Electronics,Chicago,Debit Card,2024-06-06,412.84996280701154,47.0,41,11448.33
ORD-2851,Appliances,Los Angeles,Credit Card,2024-06-26,125.50793865169314,2.0,5,238.47
ORD-3318,Appliances,Phoenix,Debit Card,2024-02-01,938.5725711460067,18.0,6,15880.65
ORD-1110,Clothing,New York,Cash,2024-02-26,78.54754579750141,39.0,44,1715.48
ORD-9129,Electronics,Los Angeles,Online Payment,2024-02-10,918.5098194776563,20.0,25,13777.65
ORD-2533,Appliances,Los Angeles,Debit Card,2024-05-26,125.09269959126826,18.0,27,1643.72
ORD-4319,Electronics,Phoenix,Cash,,970.7846484765512,16.0,47,8232.25
ORD-7433,Stationery,Los Angeles,Debit Card,2024-06-16,424.3619014505239,9.0,10,3437.33
ORD-5333,Stationery,Chicago,Credit Card,2024-06-03,836.5498821505189,22.0,12,16195.61
ORD-1348,Electronics,Los Angeles,Debit Card,2024-05-14,326.6187959702618,21.0,42,3978.22
ORD-7563,Furniture,Chicago,Credit Card,2024-03-31,138.19012356981483,42.0,9,5281.63
ORD-2203,Appliances,Los Angeles,Online Payment,2024-02-28,793.7114101121298,32.0,18,20826.99
ORD-1759,Electronics,Los Angeles,Debit Card,2024-06-04,,36.0,39,
ORD-2655,Appliances,Chicago,Debit Card,,854.6671097027652,18.0,22,11999.53
ORD-1597,Stationery,Chicago,Online Payment,,410.77011088958506,11.0,35,2937.01
ORD-8035,Electronics,Phoenix,Debit Card,2024-04-03,148.56706844950895,16.0,5,2258.22
ORD-9002,Appliances,Phoenix,,2024-02-13,474.1438912688265,1.0,49,241.81
ORD-5094,Appliances,New York,Online Payment,2024-01-07,806.4542356524443,-3.0,40,-1451.62
ORD-7326,Appliances,New York,Credit Card,2024-03-10,,35.0,4,
ORD-1140,Furniture,Phoenix,Cash,2024-03-15,498.0699582364854,42.0,12,18408.67
ORD-9047,Appliances,Houston,,,458.1889133866413,23.0,35,6849.92
ORD-5796,Electronics,Los Angeles,Cash,2024-03-07,203.8357539878642,43.0,11,7800.79
ORD-1369,Clothing,Houston,Debit Card,2024-04-10,734.6536807171332,16.0,42,6817.59
ORD-4105,Appliances,Phoenix,Credit Card,2024-06-21,58.77506043840728,26.0,7,1421.18
ORD-7587,Electronics,Houston,,2024-06-08,81.29378526913678,24.0,35,1268.18
ORD-5633,Stationery,Phoenix,,2024-02-16,781.3063862266399,1.0,18,640.67
ORD-4683,Furniture,Houston,Credit Card,2024-04-04,413.86898113930926,35.0,50,7242.71
ORD-4991,Furniture,Los Angeles,Cash,2024-02-10,937.0465432799381,37.0,46,18722.19
ORD-7256,Electronics,Phoenix,Debit Card,2024-02-18,927.8434652992531,3.0,30,1948.47
ORD-6790,Stationery,Chicago,Cash,2024-01-06,426.91201616227914,35.0,48,7769.8
ORD-1444,Electronics,New York,Cash,,852.7548772675513,44.0,12,33018.67
ORD-6191,Furniture,Los Angeles,,2024-01-21,,40.0,39,
ORD-2077,Stationery,Los Angeles,,2024-04-04,578.5658059016508,19.0,43,6265.87
ORD-5316,Electronics,Phoenix,,2024-01-17,798.3068823679765,24.0,27,13986.34
ORD-9812,Furniture,New York,Online Payment,2024-02-09,804.6678509475211,28.0,42,13067.81
ORD-5833,Stationery,Chicago,Cash,2024-05-28,991.7358684926404,36.0,36,22849.59
ORD-8998,Electronics,Phoenix,Online Payment,2024-05-14,542.1051078312063,,14,
ORD-3172,Electronics,Chicago,,2024-04-01,988.1323319280297,6.0,39,3616.56
ORD-9236,Stationery,New York,Cash,2024-06-24,957.4671531914246,2.0,29,1359.6
ORD-9994,Furniture,Chicago,Credit Card,,,,9,
ORD-5997,Appliances,Los Angeles,Online Payment,2024-06-14,699.7676221294016,44.0,27,22476.54
ORD-2982,Appliances,New York,Credit Card,2024-05-18,595.327397549794,,21,
ORD-5328,Furniture,Los Angeles,,2024-02-12,411.61942970494914,9.0,49,1889.33
ORD-9019,Furniture,Chicago,Online Payment,,620.7033250149092,42.0,50,13034.77
ORD-6274,Appliances,New York,Debit Card,2024-03-03,913.4736696108641,40.0,37,23019.54
ORD-7309,Stationery,New York,Debit Card,2024-06-13,267.36254309255503,28.0,19,6063.78
ORD-3076,Electronics,Phoenix,Online Payment,2024-03-16,281.3703544696743,13.0,16,3072.56
ORD-8046,Appliances,Chicago,,2024-05-13,160.03639695198277,,2,
ORD-9395,Electronics,Chicago,,2024-03-01,840.0881709075886,42.0,16,29638.31
ORD-1371,Appliances,Chicago,Cash,2024-03-28,777.6899322533968,,24,
ORD-7843,Appliances,Chicago,,2024-05-28,326.75893952573824,5.0,28,1176.33
ORD-3946,Clothing,Houston,,2024-06-24,784.0592311969514,30.0,30,16465.24
ORD-3222,Stationery,Phoenix,Credit Card,2024-05-21,506.70227135149094,-34.0,46,-9303.05
ORD-1807,Clothing,Chicago,Cash,,540.6235142400618,45.0,45,13380.43
ORD-7802,Stationery,Los Angeles,Online Payment,2024-06-05,565.5044317507331,36.0,16,17100.85
ORD-9444,Clothing,New York,Debit Card,2024-05-15,549.0916757977743,18.0,9,8994.12
ORD-7348,Appliances,Chicago,Debit Card,2024-01-21,772.7236298311462,42.0,17,26937.15
ORD-1457,Electronics,Los Angeles,Online Payment,2024-05-24,323.87169950640833,48.0,16,13058.51
ORD-3792,Furniture,Los Angeles,Cash,2024-05-23,31.313107371090396,23.0,12,633.78
ORD-4747,Furniture,New York,Cash,,271.7246294837663,-42.0,36,-7303.96
ORD-7985,Appliances,Phoenix,Debit Card,,933.7843580144854,17.0,46,8572.14
ORD-1145,Furniture,Phoenix,,,667.0812055881137,38.0,46,13688.51
ORD-2309,Appliances,Houston,Online Payment,,281.2305322779362,42.0,8,10866.75
ORD-8815,Electronics,Los Angeles,Cash,2024-02-07,109.70950924623234,11.0,48,627.54
ORD-7069,Furniture,Los Angeles,,2024-04-13,360.6841786376771,5.0,7,1677.18
ORD-6891,Furniture,Phoenix,Debit Card,2024-01-30,688.5482093385777,3.0,36,1322.01
ORD-6682,Appliances,Los Angeles,,2024-01-17,415.9611391300992,19.0,36,5058.09
ORD-7110,Electronics,Chicago,Online Payment,2024-03-15,402.65780526220425,37.0,28,10726.8
ORD-9617,Appliances,Chicago,Online Payment,2024-05-29,85.83516861814363,34.0,5,2772.48
ORD-2197,Appliances,Phoenix,Cash,2024-01-27,245.97927120868133,41.0,41,5950.24
ORD-3889,Electronics,Los Angeles,Online Payment,2024-01-07,387.4938081130332,15.0,24,4417.43
ORD-9558,Furniture,Houston,Online Payment,2024-04-05,194.55063845237513,4.0,20,622.56
ORD-7134,Furniture,Los Angeles,Debit Card,2024-04-01,770.9115478944252,8.0,31,4255.43
ORD-8122,Electronics,Los Angeles,,2024-02-02,578.7058560829274,26.0,21,11886.62
ORD-3632,Clothing,Los Angeles,Cash,2024-01-03,709.090162581691,48.0,18,27909.79
ORD-1893,Furniture,New York,Credit Card,2024-01-15,494.13830940080834,35.0,49,8820.37
ORD-6506,Clothing,New York,,2024-02-12,322.9679520571163,-16.0,32,-3513.89
ORD-2550,Stationery,Los Angeles,,2024-03-18,495.36236620192636,35.0,2,16990.93
ORD-4954,Stationery,Chicago,Online Payment,2024-06-02,563.1123416227497,4.0,31,1554.19
ORD-1600,Furniture,Chicago,Online Payment,2024-01-25,480.2046255413907,22.0,32,7183.86
ORD-1659,Furniture,Chicago,Credit Card,2024-03-29,756.5701853237118,-33.0,24,-18974.78
ORD-3034,Clothing,Phoenix,Online Payment,2024-04-12,184.72927704141213,12.0,7,2061.58
ORD-9723,Clothing,Houston,Cash,2024-06-07,10.472501652125494,-44.0,5,-437.75
ORD-5093,Clothing,Houston,Online Payment,2024-01-22,405.62179385392795,18.0,24,5548.91
ORD-7495,Stationery,Phoenix,,2024-03-03,783.4054278280996,19.0,27,10865.83
ORD-9541,Clothing,Phoenix,Debit Card,2024-01-02,421.79943947115424,37.0,45,8583.62
ORD-9830,Clothing,Chicago,Debit Card,2024-03-31,468.6732000837439,8.0,31,2587.08
ORD-7086,Electronics,Houston,Debit Card,2024-03-24,345.8667458239418,33.0,40,6848.16
ORD-2145,Furniture,Los Angeles,Online Payment,2024-06-25,144.0731733850721,48.0,47,3665.22
ORD-7837,Clothing,New York,,2024-04-03,914.4093796748477,46.0,26,31126.5
ORD-7351,Furniture,Los Angeles,,2024-03-28,946.6158392024482,41.0,49,19793.74
ORD-6230,Stationery,Phoenix,Cash,2024-01-06,719.42244512748,18.0,18,10618.68
ORD-6138,Furniture,Phoenix,Cash,,872.1705073892381,1.0,28,627.96
ORD-9689,Furniture,Houston,Cash,2024-01-18,439.806196313448,16.0,20,5629.52
ORD-8631,Clothing,Los Angeles,Credit Card,2024-04-17,901.5178647568833,8.0,5,6851.54
ORD-9436,Clothing,New York,Debit Card,2024-04-25,888.4286124735086,32.0,23,21890.88
ORD-8978,Electronics,Chicago,Debit Card,2024-01-09,41.685134986815,-41.0,47,-905.82
ORD-5458,Clothing,Houston,Cash,2024-04-15,536.4482788383236,6.0,23,2478.39
ORD-6957,Appliances,Phoenix,Online Payment,,566.8704412376203,24.0,25,10203.67
ORD-7228,Electronics,New York,Debit Card,2024-03-04,423.98480135901883,35.0,18,12168.36
ORD-2544,Electronics,Los Angeles,Cash,2024-04-10,697.8854168316515,4.0,32,1898.25
ORD-6529,Appliances,Chicago,Debit Card,2024-05-07,620.2082143266626,50.0,5,29459.89
ORD-3548,Furniture,Phoenix,Debit Card,2024-01-23,231.48922853113308,1.0,42,134.26
ORD-2832,Furniture,Phoenix,Debit Card,2024-05-09,815.8277490245404,14.0,39,6967.17
ORD-9683,Furniture,Phoenix,,2024-05-07,269.399829415765,21.0,39,3451.01
ORD-9764,Electronics,Los Angeles,,2024-04-27,86.34310292187737,48.0,22,3232.69
ORD-9517,Appliances,New York,,2024-02-06,634.7099187788484,23.0,27,10656.78
ORD-8884,Electronics,Phoenix,Credit Card,2024-05-02,118.99046286330928,22.0,37,1649.21
ORD-5394,Electronics,Chicago,Credit Card,2024-01-30,343.9748564328975,47.0,10,14550.14
ORD-2348,Clothing,New York,Debit Card,2024-06-17,850.1685790845936,33.0,31,19358.34
ORD-7847,Clothing,Phoenix,Credit Card,2024-03-03,360.02225625194137,23.0,34,5465.14
ORD-8769,Furniture,New York,Credit Card,,114.25016080117221,27.0,15,2622.04
ORD-3295,Clothing,New York,Cash,2024-04-03,618.2333884841876,16.0,32,6726.38
ORD-3241,Furniture,Chicago,,2024-01-01,698.5054349138397,30.0,40,12573.1
ORD-5337,Furniture,Los Angeles,Cash,2024-02-21,525.1687235352272,44.0,41,13633.38
ORD-6581,Furniture,Phoenix,,2024-03-20,89.19597242251128,20.0,21,1409.3
ORD-1232,Furniture,Phoenix,Credit Card,2024-03-22,59.905186892126814,37.0,17,1839.69
ORD-3022,Appliances,Phoenix,Online Payment,2024-02-29,797.8916068572174,20.0,39,9734.28
ORD-4117,Furniture,Phoenix,Debit Card,2024-05-25,94.16164230320021,27.0,31,1754.23
ORD-2845,Clothing,Phoenix,Debit Card,2024-05-27,815.2607369248833,26.0,30,14837.75
ORD-9546,Stationery,Houston,Debit Card,,542.6167054855404,3.0,23,1253.44
ORD-8069,Furniture,Los Angeles,Debit Card,2024-01-26,136.52757828384722,43.0,35,3815.95
ORD-5284,Furniture,Phoenix,Debit Card,2024-03-18,38.667379550940495,9.0,32,236.64
ORD-5873,Stationery,Houston,Credit Card,2024-05-19,735.9255608406886,41.0,17,25043.55
ORD-7823,Stationery,New York,Online Payment,2024-06-19,978.5117724482171,5.0,42,2837.68
ORD-8982,Stationery,Houston,Debit Card,2024-02-25,495.2867357943743,33.0,4,15690.68
ORD-4959,Appliances,Chicago,Credit Card,2024-05-20,78.10521224536735,1.0,35,50.77
ORD-4294,Electronics,Phoenix,Credit Card,2024-05-31,972.8375901093983,18.0,35,11382.2
ORD-1061,Appliances,Houston,Debit Card,2024-03-12,798.766906844278,50.0,19,32350.06
ORD-8670,Appliances,New York,Online Payment,2024-02-14,360.3848831341368,16.0,13,5016.56
ORD-5767,Clothing,New York,,2024-04-12,357.09129937968237,18.0,10,5784.88
ORD-7310,Furniture,New York,Debit Card,2024-05-01,708.4358458895383,33.0,39,14260.81
ORD-7410,Furniture,Los Angeles,Credit Card,2024-02-01,86.65043222271083,19.0,2,1613.43
ORD-7971,Clothing,Chicago,Debit Card,2024-03-03,456.8067779548987,34.0,28,11182.63
ORD-6588,Appliances,Los Angeles,Debit Card,,13.52512562390445,15.0,20,162.3
ORD-2167,Furniture,Los Angeles,Debit Card,2024-04-16,70.68516867355012,29.0,1,2029.37
ORD-2382,Stationery,Los Angeles,Debit Card,2024-03-01,217.41843659088653,20.0,11,3870.05
ORD-7852,Furniture,Houston,Online Payment,2024-06-06,934.1389695754111,19.0,20,14198.91
ORD-1259,Furniture,Phoenix,Credit Card,2024-01-27,485.5161826874418,48.0,43,13283.72
ORD-5280,Electronics,Los Angeles,Online Payment,2024-04-07,498.1722133045724,30.0,41,8817.65
ORD-3039,Furniture,Houston,Cash,2024-01-23,886.3970231179809,7.0,5,5894.54
ORD-6660,Electronics,New York,Debit Card,2024-03-31,541.372922871731,-30.0,36,-10394.36
ORD-6879,Electronics,Chicago,Credit Card,2024-04-04,138.67080047657905,21.0,11,2591.76
ORD-8944,Furniture,Los Angeles,Debit Card,2024-05-26,425.5617929540043,2.0,14,731.97
ORD-9671,Clothing,New York,,2024-01-10,93.790350721494,39.0,2,3584.67
ORD-7198,Appliances,Los Angeles,,2024-02-06,885.8791741396147,48.0,46,22961.99
ORD-1293,Stationery,Phoenix,,2024-05-06,633.5460064766464,36.0,4,21895.35
ORD-2559,Appliances,Phoenix,Online Payment,2024-01-14,770.2061414264931,43.0,28,23845.58
ORD-4488,Clothing,Los Angeles,Credit Card,2024-02-13,442.04721706538135,15.0,6,6232.87
ORD-3151,Clothing,New York,,2024-04-19,116.59520030735123,8.0,40,559.66
ORD-8362,Appliances,Phoenix,Debit Card,2024-02-29,696.4463912493518,25.0,43,9924.36
ORD-7430,Electronics,Chicago,Cash,2024-02-13,968.2039910061203,20.0,27,14135.78
ORD-8577,Stationery,Chicago,Credit Card,2024-03-26,574.9562260665398,27.0,19,12574.29
ORD-2835,Appliances,Houston,Cash,2024-04-07,445.8929420316099,,29,
ORD-9958,Appliances,Phoenix,Online Payment,2024-03-12,565.8165987045237,16.0,17,7514.04
ORD-4284,Stationery,Chicago,Debit Card,2024-03-23,39.659265814899925,29.0,49,586.56
ORD-6209,Appliances,Phoenix,Cash,2024-05-24,65.16050735877181,21.0,49,697.87
ORD-8033,Appliances,Phoenix,,2024-04-07,25.96201699492787,28.0,33,487.05
ORD-5713,Furniture,Houston,Debit Card,2024-06-28,413.188725562123,18.0,33,4983.06
ORD-4730,Appliances,Houston,Online Payment,2024-05-20,468.60639405241375,6.0,0,2811.64
ORD-7381,Appliances,Houston,Cash,2024-02-12,22.140050204448574,38.0,40,504.79
ORD-4594,Clothing,Phoenix,,,50.5651564472838,6.0,17,251.81
ORD-7984,Appliances,Chicago,Cash,2024-04-29,817.2824776889618,38.0,14,26708.79
ORD-3197,Appliances,Los Angeles,Debit Card,2024-06-04,687.8837750160303,-17.0,8,-10758.5
ORD-7702,Electronics,Phoenix,Cash,2024-04-12,441.7136462509278,42.0,48,9647.03
ORD-1247,Furniture,Chicago,Credit Card,2024-02-10,203.4830678605384,34.0,16,5811.48
ORD-9866,Appliances,New York,Online Payment,2024-01-17,520.1322294390246,21.0,38,6772.12
ORD-5005,Appliances,Los Angeles,Online Payment,2024-06-27,994.7774010808896,6.0,16,5013.68
ORD-3116,Appliances,Chicago,,2024-02-22,36.31988224353273,14.0,27,371.19
ORD-4178,Furniture,Houston,Cash,2024-01-17,600.8498391606021,19.0,28,8219.63
ORD-2893,Electronics,Chicago,,2024-02-24,576.4844425670186,3.0,8,1591.1
ORD-9948,Clothing,Chicago,Online Payment,2024-01-13,706.6889780752874,32.0,8,20804.92
ORD-5181,Stationery,Houston,,,954.2396617557064,11.0,31,7242.68
ORD-1717,Appliances,Phoenix,Online Payment,2024-05-10,853.4160899042406,24.0,0,20481.99
ORD-4550,Appliances,Chicago,,2024-06-06,380.1100691166589,23.0,42,5070.67
ORD-7184,Furniture,Chicago,Credit Card,2024-03-13,646.9915715181054,33.0,30,14945.51
ORD-4024,Appliances,Los Angeles,Online Payment,2024-02-27,279.1019431048625,,33,
ORD-9705,Appliances,New York,Credit Card,2024-04-12,141.78465944919353,5.0,46,382.82
ORD-5641,Appliances,Phoenix,,2024-03-28,349.478968131164,7.0,42,1418.88
ORD-9076,Stationery,Los Angeles,Credit Card,,711.3433427220175,8.0,3,5520.02
ORD-3935,Stationery,Phoenix,Cash,,51.43927820790132,9.0,17,384.25
ORD-7906,Appliances,Los Angeles,Cash,2024-02-24,332.41784188080686,41.0,2,13356.55
ORD-2636,Electronics,Los Angeles,Debit Card,2024-04-17,946.8032151827972,22.0,6,19579.89
ORD-1730,Appliances,Phoenix,Debit Card,2024-04-21,340.8509906575945,30.0,15,8691.7
ORD-7529,Furniture,New York,Debit Card,2024-03-24,705.3030675939469,28.0,35,12836.52
ORD-1112,Stationery,Houston,Credit Card,2024-04-07,448.80687543550687,,27,
ORD-7440,Electronics,Los Angeles,Credit Card,2024-05-20,123.04104921352314,23.0,36,1811.16
ORD-6896,Furniture,New York,Credit Card,2024-04-09,556.4781731869618,46.0,24,19454.48
ORD-2355,Electronics,Los Angeles,Credit Card,2024-04-25,536.2224243406095,,45,
ORD-8477,Electronics,New York,Online Payment,2024-03-13,349.5891905712869,28.0,28,7047.72
ORD-2070,Furniture,New York,Cash,2024-03-11,731.3555727916234,-27.0,6,-18561.8
ORD-9254,Electronics,Houston,Online Payment,2024-05-28,757.0451329719367,5.0,0,3785.23
ORD-4558,Stationery,Chicago,Cash,2024-04-14,124.32951631294651,,8,
ORD-4368,Appliances,New York,Debit Card,2024-06-15,565.9810073406153,7.0,43,2258.26
ORD-3524,Electronics,Phoenix,Cash,2024-06-16,782.7881886344792,35.0,14,23561.92
ORD-4064,Electronics,New York,,2024-03-12,866.7996346532191,43.0,4,35781.49
ORD-1337,Clothing,Houston,Debit Card,2024-05-18,545.2412979687936,8.0,16,3664.02
ORD-6737,Furniture,Chicago,Cash,2024-05-18,506.26940825137996,46.0,22,18164.95
ORD-2227,Electronics,Houston,Debit Card,2024-02-21,334.34489182722535,14.0,41,2761.69
ORD-6806,Furniture,Houston,Cash,2024-05-26,392.86894933208663,36.0,20,11314.63
ORD-3257,Electronics,New York,Cash,2024-04-08,62.11866299898475,40.0,15,2112.03
ORD-3175,Appliances,Houston,Cash,2024-03-10,581.2316658663999,34.0,8,18180.93
ORD-2460,Furniture,Chicago,Cash,,292.79919153940335,41.0,0,12004.77
ORD-7728,Stationery,Los Angeles,Online Payment,,40.44471221030322,22.0,19,720.72
ORD-7240,Appliances,Houston,Online Payment,2024-04-07,766.6964964427173,16.0,29,8709.67
ORD-7547,Electronics,New York,Credit Card,2024-03-31,674.9809930711795,6.0,41,2389.43
ORD-7744,Clothing,Los Angeles,Cash,2024-01-06,35.846565318633736,43.0,20,1233.12
ORD-8321,Furniture,New York,Credit Card,2024-06-12,727.7126171744923,44.0,6,30098.19
ORD-5319,Stationery,Los Angeles,Debit Card,2024-04-29,302.2322712189486,15.0,47,2402.75
ORD-6844,Clothing,Phoenix,Cash,2024-03-08,202.74855616759015,38.0,30,5393.11
ORD-8140,Stationery,Houston,Debit Card,2024-01-10,563.4218309669758,27.0,38,9431.68
ORD-3207,Stationery,Chicago,Debit Card,2024-02-21,376.1854150328033,8.0,21,2377.49
ORD-5588,Stationery,New York,Cash,2024-04-14,28.617056969227217,6.0,33,115.04
ORD-9385,Furniture,Phoenix,Debit Card,2024-05-03,42.98102955913413,1.0,41,25.36
ORD-5702,Furniture,Los Angeles,Online Payment,2024-03-14,33.406303303033226,45.0,45,826.81
ORD-7042,Furniture,Chicago,Debit Card,2024-03-19,977.9224572533825,7.0,19,5544.82
ORD-3317,Clothing,Chicago,Cash,2024-02-10,887.0279247650784,31.0,34,18148.59
ORD-6242,Electronics,Phoenix,Credit Card,2024-04-17,291.40173371482035,49.0,11,12708.03
ORD-3232,Appliances,Los Angeles,Online Payment,2024-05-18,114.6261777888987,15.0,28,1237.96
ORD-2522,Furniture,Los Angeles,Online Payment,2024-04-18,804.8339330700177,26.0,9,19042.37
ORD-1040,Clothing,New York,Online Payment,,535.0616557779529,,7,
ORD-6205,Clothing,New York,Online Payment,2024-03-02,530.2527704655536,,1,
ORD-7543,Furniture,New York,Debit Card,2024-04-05,87.9433977612791,,8,
ORD-4018,Furniture,Phoenix,Online Payment,2024-03-30,940.9647884584771,46.0,36,27702.0
ORD-4961,Appliances,Chicago,Credit Card,2024-06-04,950.5269626019666,7.0,17,5522.56
ORD-7216,Stationery,New York,Online Payment,2024-04-08,829.1361469136004,40.0,31,22884.16
ORD-9200,Furniture,Los Angeles,Cash,2024-05-20,283.15676391770745,14.0,32,2695.65
ORD-5603,Appliances,Houston,Debit Card,2024-02-20,200.50625415172271,40.0,40,4812.15
ORD-6185,Furniture,Phoenix,Online Payment,,837.5947277672852,20.0,15,14239.11
ORD-9713,Appliances,Phoenix,Cash,2024-03-09,307.4828281336169,48.0,2,14463.99
ORD-2192,Stationery,Phoenix,Credit Card,2024-04-28,221.6513727716259,-21.0,36,-2978.99
ORD-2377,Appliances,Houston,,2024-03-09,33.06166584100335,23.0,31,524.69
ORD-6649,Stationery,Chicago,Cash,2024-04-01,832.1146951058939,26.0,40,12980.99
ORD-9008,Furniture,Houston,Cash,2024-03-24,158.857599133356,23.0,7,3397.96
ORD-9967,Furniture,Chicago,Credit Card,2024-04-15,105.12643622480705,7.0,36,470.97
ORD-8210,Appliances,Los Angeles,Cash,2024-03-16,983.1744833373443,-47.0,15,-39277.82
ORD-5093,Stationery,Phoenix,Cash,2024-04-05,230.50419492188703,,34,
ORD-4841,Stationery,Phoenix,,2024-05-07,333.56503617560315,-19.0,16,-5323.7
ORD-1172,Electronics,Chicago,,2024-05-10,940.8749815981412,11.0,4,9935.64
ORD-4153,Electronics,New York,,2024-04-13,,37.0,16,
ORD-6796,Clothing,Houston,Cash,2024-01-06,455.60135351406797,33.0,25,11276.13
ORD-7676,Stationery,Phoenix,Debit Card,2024-03-19,968.6513946247745,25.0,21,19130.87
ORD-2445,Appliances,Phoenix,Cash,,430.21064412736047,38.0,43,9318.36
ORD-1354,Appliances,Houston,,2024-02-11,,6.0,36,
ORD-4699,Appliances,Los Angeles,Online Payment,2024-01-06,466.6742385086808,32.0,38,9258.82
ORD-8010,Stationery,Chicago,Online Payment,2024-05-01,774.0922517930087,13.0,8,9258.14
ORD-6414,Clothing,Houston,Cash,2024-01-13,677.0545971005434,1.0,49,345.3
ORD-1884,Furniture,New York,Credit Card,2024-01-27,298.20361765465856,18.0,20,4294.13
ORD-1419,Clothing,New York,Debit Card,,78.89971687573122,43.0,18,2782.0
ORD-6008,Stationery,Los Angeles,Cash,2024-06-04,270.1826918721847,26.0,18,5760.29
ORD-4013,Furniture,Los Angeles,Cash,2024-02-12,797.5532204542856,31.0,21,19532.08
ORD-3411,Appliances,Chicago,,2024-06-27,409.59182503746763,,44,
ORD-4745,Furniture,Los Angeles,,2024-03-15,106.95464160076457,9.0,38,596.81
ORD-6113,Clothing,New York,,2024-02-03,272.3098836397826,,2,
ORD-4621,Furniture,Chicago,Debit Card,2024-02-26,831.198434616212,47.0,20,31253.06
ORD-3559,Electronics,New York,Online Payment,2024-05-01,,27.0,49,
ORD-8770,Clothing,Chicago,,2024-01-03,866.3622454440358,20.0,15,14728.16
ORD-1980,Electronics,Chicago,Debit Card,2024-01-29,63.02139299987086,13.0,22,639.04
ORD-4424,Furniture,Houston,Online Payment,2024-05-01,338.4852742927487,26.0,27,6424.45
ORD-1543,Furniture,Phoenix,,2024-01-22,573.3996546430456,28.0,29,11399.19
ORD-9326,Stationery,Los Angeles,Debit Card,2024-02-04,75.84191081186262,1.0,7,70.53
ORD-6755,Stationery,Houston,Cash,2024-04-15,620.3262717341216,48.0,25,22331.75
ORD-2367,Stationery,Chicago,Credit Card,2024-01-27,575.9351678701393,24.0,16,11610.85
ORD-5708,Appliances,Houston,Online Payment,,278.94190625152606,15.0,48,2175.75
ORD-7238,Electronics,Chicago,,2024-01-03,580.8756971596754,-41.0,30,-16671.13
ORD-7998,Electronics,Houston,,2024-06-23,52.48988316351736,14.0,16,617.28
ORD-9314,Electronics,Chicago,Debit Card,2024-06-07,751.3094298027524,15.0,19,9128.41
ORD-4616,Furniture,Houston,Cash,2024-01-25,615.8319730610897,22.0,20,10838.64
ORD-5016,Electronics,Chicago,Debit Card,2024-02-23,498.7366288135261,23.0,26,8488.5
ORD-2221,Stationery,New York,,2024-03-11,104.67068983937128,13.0,2,1333.5
ORD-1498,Furniture,Chicago,Credit Card,2024-03-09,229.8325351053302,-21.0,22,-3764.66
ORD-2380,Electronics,Los Angeles,Debit Card,2024-02-04,826.6776427535491,13.0,15,9134.79
ORD-2249,Electronics,Los Angeles,Online Payment,2024-06-21,116.43176142164243,38.0,25,3318.31
ORD-5539,Electronics,Chicago,Cash,2024-03-24,390.3514371764579,43.0,7,15610.15
ORD-9812,Appliances,New York,Credit Card,2024-03-06,517.7234591578124,21.0,39,6632.04
ORD-7133,Furniture,Houston,,2024-04-05,363.4836389852752,3.0,5,1035.93
ORD-2039,Furniture,New York,Credit Card,2024-04-21,32.59473461957809,2.0,32,44.33
ORD-3530,Furniture,Chicago,Online Payment,2024-05-12,792.0792434108919,31.0,29,17433.66
ORD-7487,Stationery,Houston,Debit Card,2024-04-27,847.90938734519,14.0,21,9377.88
ORD-3705,Clothing,Houston,Credit Card,2024-04-14,518.0958383900331,16.0,49,4227.66
ORD-8504,Electronics,Phoenix,Debit Card,2024-03-10,936.8983538426196,36.0,34,22260.7
ORD-5603,Clothing,New York,,2024-01-28,439.0021104604957,41.0,33,12059.39
ORD-1319,Clothing,Los Angeles,,2024-05-24,438.0943618300123,42.0,15,15639.97
ORD-2561,Clothing,Houston,Credit Card,,200.4580781393703,15.0,18,2465.63
ORD-5792,Clothing,New York,Credit Card,,38.208552698204876,2.0,24,58.08
ORD-4040,Electronics,Houston,Debit Card,2024-05-10,366.25814500616406,36.0,30,9229.71
ORD-2478,Appliances,Los Angeles,Credit Card,2024-05-10,970.4907491977104,37.0,44,20108.57
ORD-2532,Electronics,Houston,Online Payment,2024-02-12,335.7016461405624,,10,
ORD-4734,Electronics,Phoenix,,2024-01-15,31.6592708136619,30.0,2,930.78
ORD-9218,Clothing,Phoenix,Debit Card,2024-03-07,500.4442397858075,7.0,16,2942.61
ORD-9518,Electronics,Houston,Cash,2024-06-06,38.5591688791045,,34,
ORD-8271,Appliances,Phoenix,Credit Card,2024-06-29,605.6419279480803,4.0,32,1647.35
ORD-5125,Stationery,New York,Credit Card,2024-05-28,572.974194926753,2.0,39,699.03
ORD-8315,Appliances,Houston,Online Payment,2024-02-19,430.7923080468245,38.0,11,14569.4
ORD-3524,Appliances,Chicago,Debit Card,2024-01-22,785.4662393498713,44.0,13,30067.65
ORD-6399,Clothing,Phoenix,Credit Card,2024-04-11,500.47050805614856,22.0,30,7707.25
ORD-1023,Appliances,New York,Online Payment,2024-01-11,298.63190208806606,12.0,13,3117.72
ORD-6890,Clothing,Phoenix,Cash,2024-04-15,914.4351511085791,33.0,19,24442.85
ORD-1880,Electronics,Los Angeles,,2024-04-24,452.5485683314523,4.0,17,1502.46
ORD-8458,Appliances,Chicago,Credit Card,2024-02-05,333.94430198413556,13.0,20,3473.02
ORD-4094,Appliances,Houston,Online Payment,2024-02-16,413.34871413071926,-42.0,5,-16492.61
ORD-9279,Furniture,New York,Online Payment,2024-02-05,605.2167540834272,13.0,41,4642.01
ORD-2707,Stationery,Chicago,Online Payment,2024-03-30,42.405198015617074,15.0,0,636.08
ORD-3998,Appliances,Chicago,Cash,2024-04-07,379.66981094531724,22.0,9,7600.99
ORD-2167,Stationery,Houston,Cash,2024-04-02,259.03329413020265,28.0,0,7252.93
ORD-9827,Appliances,Chicago,Debit Card,2024-02-17,56.55699690394826,18.0,35,661.72
ORD-2928,Appliances,New York,Online Payment,2024-06-08,27.681510889466217,,37,
ORD-9601,Clothing,Chicago,Online Payment,2024-06-20,771.3010178399859,29.0,10,20130.96
ORD-6239,Stationery,Houston,Credit Card,2024-03-16,782.2213215784174,31.0,34,16004.25
ORD-9201,Stationery,New York,,2024-06-03,842.7097295579916,49.0,49,21059.32
ORD-4611,Appliances,Phoenix,Credit Card,2024-03-08,840.4784848651932,9.0,47,4009.08
ORD-9548,Clothing,Houston,Online Payment,2024-05-13,195.83030556717998,26.0,9,4633.35
ORD-1807,Electronics,Phoenix,Credit Card,2024-03-06,666.9716364346909,47.0,31,21629.89
ORD-2679,Appliances,Chicago,,2024-03-01,249.42097161756416,24.0,11,5327.63
ORD-8054,Clothing,Houston,Debit Card,2024-01-16,501.7465366436382,31.0,15,13221.02
ORD-3570,Furniture,New York,,2024-03-25,104.76272719242088,-32.0,12,-2950.12
ORD-7852,Appliances,Houston,,2024-06-11,108.06268643267444,11.0,29,843.97
ORD-4020,Furniture,New York,Cash,2024-06-14,267.4444553132825,15.0,45,2206.42
ORD-2890,Clothing,Chicago,Debit Card,2024-03-20,810.4566549711892,1.0,25,607.84
ORD-4915,Appliances,Phoenix,Credit Card,2024-01-17,855.3979905984867,16.0,46,7390.64
ORD-1658,Appliances,Houston,Debit Card,2024-01-20,710.8230978497987,24.0,41,10065.26
ORD-9001,Clothing,Houston,Online Payment,2024-03-18,259.1895697724744,31.0,22,6267.2
ORD-9609,Stationery,Houston,Online Payment,2024-02-18,739.7694656969793,12.0,29,6302.84
ORD-7988,Stationery,Los Angeles,Online Payment,2024-01-06,681.3298798534247,4.0,29,1934.98
ORD-9508,Stationery,Chicago,,2024-03-03,968.0174266271629,3.0,18,2381.32
ORD-5458,Stationery,New York,Online Payment,2024-03-01,687.4739674272664,6.0,15,3506.12
ORD-1633,Electronics,Los Angeles,Credit Card,2024-06-25,118.46071748903267,28.0,18,2719.86
ORD-7899,Stationery,Phoenix,,2024-05-10,,29.0,44,
ORD-1476,Appliances,Phoenix,Debit Card,2024-04-12,,36.0,44,
ORD-7007,Appliances,Houston,Online Payment,2024-01-21,48.61998465663712,-8.0,46,-210.04
ORD-5653,Furniture,Chicago,Debit Card,2024-06-11,665.8792124584932,6.0,2,3915.37
ORD-1076,Clothing,Houston,Debit Card,2024-03-23,344.95274461592936,42.0,28,10431.37
ORD-5973,Stationery,Los Angeles,Debit Card,2024-05-15,89.43776613898667,18.0,45,885.43
ORD-5040,Furniture,New York,Debit Card,2024-05-11,827.9574964285509,22.0,42,10564.74
ORD-5511,Furniture,Chicago,Cash,2024-02-20,417.5976300873717,25.0,2,10231.14
ORD-6142,Electronics,Houston,Debit Card,2024-01-03,109.2928720814426,45.0,27,3590.27
ORD-4873,Electronics,Phoenix,,2024-01-16,,48.0,32,
ORD-4854,Appliances,Phoenix,Credit Card,2024-02-14,571.2213776080264,11.0,29,4461.24
ORD-2765,Electronics,Houston,Online Payment,2024-04-01,865.2536760862519,,15,
ORD-4584,Stationery,Los Angeles,Debit Card,2024-04-11,593.6024602880123,10.0,39,3620.98
ORD-6019,Appliances,Chicago,Online Payment,2024-05-10,572.7784588994687,35.0,15,17040.16
ORD-6553,Appliances,New York,,2024-02-13,258.86689928608166,30.0,29,5513.86
ORD-7684,Appliances,Houston,Debit Card,2024-03-08,790.8577932710303,25.0,50,9885.72
ORD-9521,Furniture,Houston,Credit Card,2024-04-16,968.3510171438967,35.0,3,32875.52
ORD-9406,Clothing,Los Angeles,Cash,,90.82972768043037,40.0,34,2397.9
ORD-9487,Furniture,Houston,Cash,,390.9098308840921,24.0,41,5535.28
ORD-7950,Electronics,New York,,2024-03-12,209.63462613554768,21.0,33,2949.56
ORD-1254,Stationery,Houston,Credit Card,2024-05-06,980.6548845643364,40.0,1,38833.93
ORD-3519,Stationery,Phoenix,Cash,2024-03-17,790.4042119087678,1.0,16,663.94
ORD-6570,Stationery,Chicago,,2024-05-26,392.3633917331019,2.0,42,455.14
ORD-9025,Electronics,Phoenix,Credit Card,2024-06-11,865.3684846709543,16.0,32,9415.21
ORD-9728,Clothing,Phoenix,Credit Card,,306.0713955044608,29.0,12,7810.94
ORD-5161,Furniture,Los Angeles,Cash,2024-03-13,619.2762029959468,11.0,28,4904.67
ORD-8046,Electronics,Los Angeles,Debit Card,2024-05-20,680.4044484277429,48.0,32,22208.4
ORD-2885,Electronics,Chicago,Online Payment,2024-02-02,488.356309457412,42.0,0,20510.96
ORD-4229,Appliances,Phoenix,,2024-06-22,680.6593940964565,39.0,33,17785.63
ORD-6104,Stationery,Phoenix,Credit Card,2024-03-21,383.63034818227953,49.0,27,13722.46
ORD-2153,Clothing,Los Angeles,Credit Card,2024-05-27,866.8384334588266,5.0,0,4334.19
ORD-4787,Clothing,Houston,Cash,,259.68992327990014,3.0,2,763.49
ORD-3314,Stationery,New York,,,61.286507770805706,50.0,18,2512.75
ORD-6674,Stationery,Houston,Credit Card,2024-04-10,750.3804536907087,29.0,32,14797.5
ORD-4497,Stationery,Phoenix,Debit Card,2024-03-10,410.01850867692457,37.0,12,13350.2
ORD-9958,Clothing,Phoenix,,2024-03-10,210.7060712052028,36.0,12,6675.17
ORD-5149,Electronics,Houston,,2024-05-19,136.8263259350204,,39,
ORD-1732,Stationery,Los Angeles,,2024-01-22,875.510008074797,50.0,0,43775.5
ORD-8636,Furniture,Los Angeles,Cash,,882.8544611897153,-38.0,49,-17109.72
ORD-4631,Clothing,Los Angeles,Credit Card,2024-06-04,270.1042528547896,-47.0,19,-10282.87
ORD-1189,Appliances,Houston,Online Payment,2024-02-24,,22.0,0,
ORD-6027,Electronics,Houston,Credit Card,,442.80865553448257,7.0,31,2138.77
ORD-9648,Stationery,Chicago,Online Payment,2024-06-06,712.5307193482151,39.0,10,25009.83
ORD-5223,Clothing,Phoenix,Credit Card,2024-01-20,271.7735151960928,8.0,17,1804.58
ORD-9652,Stationery,Phoenix,Cash,2024-06-13,239.5235065620631,11.0,8,2423.98
ORD-4464,Furniture,Houston,Cash,2024-05-19,25.838440952446437,12.0,26,229.45
ORD-7767,Stationery,Los Angeles,,,325.21547315418815,38.0,46,6673.42
ORD-9463,Stationery,Houston,,2024-01-31,915.613780260153,33.0,11,26891.58
ORD-4603,Stationery,Phoenix,Online Payment,,489.74963712031376,1.0,30,342.82
ORD-1695,Clothing,Phoenix,,,99.40871201125516,36.0,4,3435.57
ORD-8400,Furniture,Houston,Debit Card,2024-04-24,687.3666966867097,24.0,31,11382.79
ORD-7589,Electronics,Phoenix,Cash,2024-06-13,948.9021672078819,32.0,10,27328.38
ORD-9654,Clothing,New York,Online Payment,2024-06-20,49.57586288663929,28.0,9,1263.19
ORD-2292,Clothing,Los Angeles,Cash,2024-01-27,430.421614452796,28.0,12,10605.59
ORD-3659,Appliances,New York,Cash,2024-02-19,807.0175250804468,21.0,47,8982.11
ORD-4638,Appliances,Chicago,Credit Card,2024-04-25,657.6342220454286,41.0,9,24536.33
ORD-7367,Stationery,Houston,Debit Card,2024-05-09,46.36880783718382,12.0,29,395.06
ORD-3366,Furniture,Houston,,2024-06-15,991.9061426105375,,28,
ORD-9819,Clothing,New York,Debit Card,2024-05-07,333.90179518800153,-9.0,28,-2163.68
ORD-2183,Electronics,Los Angeles,,2024-05-11,802.5551576753112,25.0,22,15649.83
ORD-7686,Appliances,New York,Online Payment,2024-04-19,601.4354354730286,8.0,17,3993.53
ORD-9451,Stationery,Phoenix,,2024-04-10,525.8102436137582,28.0,8,13544.87
ORD-3291,Stationery,Los Angeles,,2024-01-04,702.7894738610701,40.0,1,27830.46
ORD-6428,Furniture,New York,Online Payment,2024-03-19,669.191178149846,-41.0,47,-14541.52
ORD-9231,Appliances,Phoenix,Debit Card,2024-03-07,982.604223309006,19.0,15,15869.06
ORD-9147,Furniture,Phoenix,Online Payment,2024-02-01,182.8381830281308,2.0,2,358.36
ORD-7068,Stationery,Houston,Online Payment,2024-05-19,333.9000454533461,10.0,42,1936.62
ORD-4669,Furniture,Phoenix,Debit Card,2024-06-05,939.5880475470393,5.0,14,4040.23
ORD-3264,Clothing,Los Angeles,Cash,2024-03-18,19.422022727001956,37.0,14,618.01
ORD-3034,Furniture,Chicago,Debit Card,2024-05-30,769.780668684553,34.0,11,23293.56
ORD-2647,Furniture,Houston,,2024-04-17,22.942302574741134,-26.0,7,-554.74
ORD-8194,Stationery,Houston,Credit Card,2024-04-17,329.8686101748912,39.0,20,10291.9
ORD-8440,Stationery,Phoenix,,2024-05-17,761.9917950001833,12.0,48,4754.83
ORD-2896,Appliances,New York,Credit Card,2024-05-02,120.78681636996072,48.0,22,4522.26
ORD-6152,Electronics,Los Angeles,Credit Card,,453.8003245219198,1.0,36,290.43
ORD-8875,Electronics,Houston,,2024-02-19,759.0546144903165,26.0,48,10262.42
ORD-9119,Furniture,Los Angeles,Cash,2024-02-15,760.0404828024583,46.0,44,19578.64
ORD-6522,Clothing,New York,Credit Card,,778.1960401010075,,19,
ORD-6407,Clothing,Phoenix,,2024-05-11,524.4622690193573,2.0,27,765.71
ORD-3307,Stationery,Los Angeles,,2024-05-25,614.6957390790631,46.0,44,15834.56
ORD-9408,Electronics,Phoenix,Debit Card,2024-02-04,443.8361402570712,15.0,32,4527.13
ORD-4309,Furniture,Los Angeles,Online Payment,2024-04-11,854.3352597462944,34.0,14,24980.76
ORD-3714,Furniture,Chicago,,2024-01-21,795.1243718706681,12.0,29,6774.46
ORD-6357,Stationery,Houston,Online Payment,,252.86322539155637,16.0,17,3358.02
ORD-2671,Appliances,New York,Debit Card,2024-01-18,698.221635173795,31.0,1,21428.42
ORD-7637,Electronics,Chicago,,2024-05-22,967.9294452446469,,26,
ORD-8596,Furniture,Phoenix,Debit Card,2024-06-22,837.4870548765256,9.0,14,6482.15
ORD-7132,Appliances,Los Angeles,,,962.2022588546062,23.0,28,15934.07
ORD-9014,Electronics,Phoenix,Online Payment,2024-03-20,143.410144300043,,21,
ORD-5909,Appliances,Los Angeles,Debit Card,2024-02-16,,40.0,22,
ORD-6677,Appliances,Phoenix,Credit Card,2024-05-21,634.701632392708,35.0,1,21992.41
ORD-4324,Furniture,Chicago,,2024-04-20,544.4626650392762,,12,
ORD-4536,Clothing,Los Angeles,,2024-04-12,750.494748440653,11.0,12,7264.79
ORD-3914,Stationery,Los Angeles,Cash,2024-05-11,852.9785637982744,15.0,50,6397.34
ORD-5507,Stationery,New York,Online Payment,2024-04-12,831.9920057486866,5.0,40,2495.98
ORD-9814,Electronics,Houston,Cash,2024-01-25,981.4345853377297,3.0,7,2738.2
ORD-7112,Appliances,Phoenix,Cash,,287.0183782196488,19.0,25,4090.01
ORD-6816,Electronics,Chicago,Online Payment,2024-04-15,539.9981449434526,24.0,14,11145.56
ORD-7552,Clothing,Phoenix,Online Payment,2024-02-15,906.7421798883197,45.0,30,28562.38
ORD-3961,Furniture,Phoenix,Debit Card,2024-02-18,979.7242360074647,19.0,13,16194.84
ORD-5988,Appliances,Phoenix,Online Payment,2024-01-01,698.150593744512,44.0,31,21195.85
ORD-5392,Appliances,Houston,Debit Card,2024-06-22,781.7737241673404,42.0,15,27909.32
ORD-2066,Appliances,Los Angeles,Cash,2024-06-21,540.1303959603802,50.0,10,24305.87
ORD-5754,Stationery,New York,Credit Card,2024-05-19,773.4430528571022,47.0,29,25809.79
ORD-9386,Clothing,New York,Credit Card,2024-05-31,799.4347785996931,45.0,17,29858.89
ORD-9252,Clothing,Los Angeles,Cash,2024-03-31,900.0207478426132,48.0,9,39312.91
ORD-6729,Appliances,Chicago,,2024-01-28,656.4170387622438,14.0,33,6157.19
ORD-5278,Clothing,New York,Online Payment,2024-04-10,351.7909221694681,36.0,9,11524.67
ORD-8353,Electronics,Chicago,,2024-02-25,198.08591863650915,37.0,33,4910.55
ORD-4128,Clothing,Los Angeles,Debit Card,2024-06-22,64.2958007290706,30.0,8,1774.56
ORD-8341,Clothing,Los Angeles,Cash,2024-03-10,455.21535653888395,9.0,41,2417.19
ORD-7099,Furniture,Houston,Online Payment,2024-02-06,742.1062414811164,13.0,22,7524.96
ORD-7491,Furniture,Phoenix,,2024-04-21,992.5405140129822,15.0,28,10719.44
ORD-1103,Furniture,Chicago,Online Payment,2024-03-26,539.5025541239427,4.0,47,1143.75
ORD-5658,Clothing,Phoenix,Online Payment,2024-01-11,291.1156947714546,21.0,19,4951.88
ORD-4845,Clothing,Houston,Debit Card,2024-01-01,683.3785180419347,20.0,28,9840.65
ORD-1086,Clothing,Houston,Cash,,526.3280429943397,39.0,19,16626.7
ORD-1859,Clothing,Houston,Online Payment,2024-03-07,580.5504301774097,11.0,7,5939.03
ORD-8642,Clothing,Houston,Cash,2024-03-06,506.66410098091995,48.0,14,20915.09
ORD-7660,Clothing,Houston,Credit Card,2024-01-08,927.890155379889,27.0,15,21295.08
ORD-6715,Stationery,Los Angeles,,2024-05-23,357.84618934241075,22.0,17,6534.27
ORD-5401,Furniture,Houston,Debit Card,2024-04-27,442.79170331267994,41.0,0,18154.46
ORD-7150,Electronics,Houston,,2024-01-23,349.09471708089086,,14,
ORD-1275,Stationery,New York,Online Payment,,528.1337558772868,43.0,2,22255.56
ORD-5956,Clothing,Chicago,Cash,2024-02-28,744.944320759642,10.0,27,5438.09
ORD-3472,Electronics,New York,Credit Card,,502.57355462432747,22.0,12,9729.82
ORD-5570,Appliances,Houston,Online Payment,2024-04-26,728.1623863772895,13.0,22,7383.57
ORD-3649,Furniture,Phoenix,Online Payment,2024-01-27,860.166063806519,19.0,11,14545.41
ORD-2972,Appliances,Phoenix,Online Payment,2024-04-12,725.3303502600337,39.0,46,15275.46
ORD-5794,Clothing,Houston,Credit Card,2024-02-11,835.7935124120685,37.0,38,19173.1
ORD-7963,Electronics,New York,Credit Card,2024-06-16,827.3225777935281,3.0,17,2060.03
ORD-6195,Stationery,Los Angeles,Online Payment,,256.0581333503351,12.0,44,1720.71
ORD-5381,Appliances,Chicago,Debit Card,2024-02-13,837.5836933312955,6.0,43,2864.54
ORD-9965,Clothing,Houston,,,89.45762409486801,43.0,16,3231.21
ORD-8835,Clothing,Los Angeles,Cash,2024-02-16,445.6047249406897,9.0,2,3930.23
ORD-1650,Electronics,Chicago,Cash,2024-02-20,654.1979708423254,27.0,49,9008.31
ORD-2197,Clothing,Chicago,,2024-05-14,,28.0,7,
ORD-6946,Electronics,Phoenix,,2024-03-30,215.02114329996823,23.0,27,3610.2
ORD-8442,Stationery,New York,Online Payment,2024-05-13,414.9946397841594,41.0,20,13611.82
ORD-1211,Appliances,Los Angeles,,2024-06-23,586.3816021637303,30.0,47,9323.47
ORD-9703,Appliances,Houston,,2024-05-09,502.2090969748488,3.0,39,919.04
ORD-1165,Furniture,Chicago,,2024-06-03,431.6485807558073,18.0,15,6604.22
ORD-5223,Furniture,Los Angeles,Cash,2024-04-22,635.3320306449849,2.0,13,1105.48
ORD-8727,Furniture,Chicago,Cash,2024-05-10,145.75211725958752,-40.0,32,-3964.46
ORD-1537,Furniture,Phoenix,,2024-02-26,406.0083602883453,4.0,42,941.94
ORD-9793,Furniture,New York,Credit Card,2024-03-21,883.3280156116265,6.0,42,3073.98
ORD-2075,Clothing,Chicago,Cash,2024-06-07,441.91155559724916,19.0,1,8312.36
ORD-4284,Appliances,Chicago,,2024-03-23,856.952856965391,13.0,34,7352.66
ORD-9594,Electronics,Los Angeles,Credit Card,2024-05-16,367.74796292267496,30.0,31,7612.38
ORD-7064,Clothing,Los Angeles,Online Payment,,,22.0,30,
ORD-1729,Clothing,Phoenix,,2024-06-26,950.4245043874054,-6.0,38,-3535.58
ORD-2743,Appliances,Los Angeles,Credit Card,2024-05-31,861.6350098084022,11.0,5,9004.09
ORD-8678,Clothing,Chicago,Debit Card,2024-01-20,861.0732505854979,13.0,25,8395.46
ORD-7912,Stationery,Los Angeles,Online Payment,2024-05-09,798.2020862676526,37.0,11,26284.79
ORD-2835,Appliances,Houston,Credit Card,2024-03-14,999.5878430961111,15.0,2,14693.94
ORD-3231,Electronics,Los Angeles,Online Payment,2024-05-23,547.2482065589378,15.0,23,6320.72
ORD-5126,Furniture,Los Angeles,Debit Card,2024-04-29,382.4644577526062,45.0,47,9121.78
ORD-9542,Clothing,New York,Online Payment,2024-06-12,797.8241104676872,6.0,43,2728.56
ORD-6994,Appliances,Phoenix,Online Payment,2024-06-20,61.14697338899178,41.0,24,1905.34
ORD-4717,Electronics,Los Angeles,Cash,2024-01-11,118.05601988879062,40.0,32,3211.12
ORD-4419,Furniture,New York,,2024-06-05,391.7659148062702,46.0,41,10632.53
ORD-5374,Appliances,New York,,2024-05-31,731.5811721504618,17.0,38,7710.87
ORD-2715,Appliances,New York,Debit Card,2024-04-15,724.8314539858853,31.0,49,11459.59
ORD-7298,Furniture,Los Angeles,,2024-01-01,498.1019626862756,44.0,9,19944.0
ORD-7547,Furniture,Chicago,Cash,2024-03-04,980.2766708066493,24.0,32,15998.12
ORD-7636,Clothing,Chicago,Credit Card,2024-04-18,328.3057828005088,2.0,11,584.38
ORD-3092,Furniture,Los Angeles,Debit Card,2024-02-07,649.267346489757,1.0,1,642.77
ORD-9042,Electronics,Chicago,Online Payment,2024-02-04,608.3336595736092,24.0,14,12556.01
ORD-9391,Electronics,Chicago,Cash,,579.5169182698302,50.0,9,26368.02
ORD-1839,Clothing,Phoenix,,2024-03-29,671.2646334443797,31.0,42,12069.34
ORD-4969,Clothing,New York,Debit Card,2024-04-24,615.7714649606365,50.0,26,22783.54
ORD-4575,Clothing,New York,Debit Card,2024-03-16,523.3824556130546,,47,
ORD-4910,Appliances,New York,Debit Card,2024-04-14,59.999069843809195,21.0,5,1196.98
ORD-4752,Stationery,Chicago,Credit Card,2024-03-03,549.8489717524965,47.0,35,16797.89
ORD-7125,Appliances,Los Angeles,,2024-05-22,694.2055319280045,46.0,11,28420.77
ORD-6504,Electronics,Phoenix,,2024-03-15,74.7811964767161,41.0,48,1594.34
ORD-5119,Electronics,Houston,,2024-01-13,278.1486346617049,28.0,24,5919.0
ORD-3140,Furniture,Los Angeles,Cash,2024-06-05,577.1928243163733,21.0,39,7393.84
ORD-1408,Stationery,Houston,Online Payment,2024-04-23,746.138178307807,,20,
ORD-4185,Clothing,New York,Credit Card,2024-01-11,352.5031829941777,35.0,1,12214.24
ORD-3376,Stationery,Phoenix,,2024-05-17,473.2780502657862,34.0,43,9172.13
ORD-7933,Appliances,Los Angeles,Cash,2024-03-14,996.7890470545622,-13.0,21,-10237.02
ORD-1516,Clothing,New York,Online Payment,2024-03-07,,46.0,39,
ORD-1472,Appliances,Phoenix,Online Payment,2024-03-04,306.7637873682097,42.0,19,10436.1
ORD-8713,Appliances,New York,Online Payment,2024-01-03,17.98725520923621,31.0,39,340.14
ORD-9840,Appliances,New York,,2024-05-16,550.2748021216871,21.0,4,11093.54
ORD-6100,Clothing,Houston,Online Payment,2024-02-19,516.145292750139,39.0,33,13486.88
ORD-2802,Clothing,New York,Debit Card,2024-05-11,435.7853823027012,26.0,43,6458.34
ORD-9766,Electronics,Phoenix,Debit Card,2024-05-12,818.4685262333679,3.0,38,1522.35
ORD-9173,Furniture,Houston,Credit Card,2024-02-11,882.6950312053658,-5.0,16,-3707.32
ORD-8395,Furniture,New York,Cash,2024-03-29,371.1066080753367,-8.0,38,-1840.69
ORD-7514,Furniture,Phoenix,,2024-04-15,198.78190738309462,49.0,43,5551.98
ORD-6138,Furniture,Houston,Credit Card,2024-03-10,186.04499475951246,18.0,20,2679.05
ORD-8497,Clothing,Houston,Online Payment,2024-01-04,132.11461606246434,1.0,34,87.2
ORD-6374,Clothing,Houston,Debit Card,2024-03-12,323.00034262844616,19.0,11,5461.94
ORD-9683,Stationery,Houston,Credit Card,2024-01-27,748.3431806447651,23.0,12,15146.47
ORD-1663,Clothing,Phoenix,,2024-01-17,100.23457435700084,42.0,23,3241.59
ORD-8694,Furniture,Houston,Debit Card,2024-02-28,840.7195211741516,41.0,38,21371.09
ORD-8262,Clothing,Los Angeles,Online Payment,2024-01-03,663.7600382563829,20.0,41,7832.37
ORD-7036,Appliances,Los Angeles,Online Payment,2024-04-18,622.3201191248143,19.0,32,8040.38
ORD-6235,Furniture,Phoenix,Cash,2024-02-15,428.6666562224742,27.0,48,6018.48
ORD-5199,Furniture,Los Angeles,,2024-01-31,464.52708294391965,15.0,3,6758.87
ORD-3845,Stationery,Los Angeles,Online Payment,2024-01-03,188.56362838738514,50.0,26,6976.85
ORD-3852,Electronics,Los Angeles,Debit Card,2024-01-24,271.2434741724769,32.0,9,7898.61
